No,Height,Year,Width1,Width2,Width3,Width4,Diameter
3,0.0,1,2.27,1.76,1.92,2.96,29.25
3,0.0,2,1.97,1.25,1.14,1.53,24.79
3,0.0,3,2.10,1.43,1.47,2.06,21.85
3,0.0,4,0.77,1.10,1.37,1.05,18.32
3,0.0,5,0.96,0.77,0.81,1.16,16.17
3,0.0,6,1.48,0.87,1.22,1.13,14.32
3,0.0,7,1.29,0.78,1.04,1.04,11.97
3,0.0,8,0.96,0.95,1.54,1.44,9.90
3,0.0,9,1.19,0.78,1.30,1.70,7.45
3,0.0,10,0.86,0.84,0.56,1.00,4.97
3,0.0,11,0.57,0.29,0.91,0.74,3.34
3,0.0,12,0.68,0.43,0.35,0.55,2.08
3,0.0,13,0.55,0.44,0.53,0.63,1.08
3,0.3,1,1.36,1.66,1.43,1.34,22.42
3,0.3,2,1.36,1.29,1.41,1.34,19.53
3,0.3,3,1.37,1.15,0.93,1.17,16.83
3,0.3,4,0.80,0.68,1.12,1.04,14.52
3,0.3,5,0.81,0.44,0.74,0.66,12.70
3,0.3,6,1.48,1.02,0.97,1.31,11.37
3,0.3,7,0.84,0.88,0.67,0.83,8.98
3,0.3,8,1.05,1.15,0.95,0.83,7.37
3,0.3,9,0.73,0.67,0.77,1.09,5.38
3,0.3,10,0.79,0.68,0.69,0.76,3.75
3,0.3,11,0.70,0.65,0.57,0.55,2.29
3,0.3,12,0.52,0.61,0.36,0.62,1.06
3,0.8,1,1.90,1.34,1.15,1.77,22.41
3,0.8,2,1.77,1.09,1.34,1.78,19.33
3,0.8,3,1.28,1.24,1.24,1.11,16.34
3,0.8,4,1.51,0.98,1.18,1.30,13.90
3,0.8,5,1.36,1.28,1.14,1.48,11.42
3,0.8,6,1.07,0.88,1.15,1.09,8.79
3,0.8,7,1.90,2.30,1.41,1.18,6.69
3,0.8,8,1.91,1.58,1.29,1.81,3.30
3,1.3,1,1.26,1.23,0.90,NA,22.03
3,1.3,2,1.46,1.06,1.66,NA,19.77
3,1.3,3,1.53,1.83,1.66,NA,16.98
3,1.3,4,1.95,0.98,0.64,NA,13.63
3,1.3,5,1.46,0.82,0.68,NA,11.25
3,1.3,6,1.79,2.84,1.93,NA,9.28
3,1.3,7,1.48,1.31,0.87,NA,4.91
3,1.3,8,1.21,1.39,1.10,NA,2.47
3,1.8,1,1.39,1.19,1.31,1.47,16.78
3,1.8,2,1.65,1.16,1.35,1.64,14.10
3,1.8,3,1.13,1.29,1.55,1.86,11.20
3,1.8,4,1.85,1.87,1.83,1.83,8.29
3,1.8,5,2.15,2.54,2.47,2.03,4.60
3,2.3,1,1.82,0.85,0.67,1.02,10.29
3,2.3,2,0.72,0.79,0.55,1.25,8.11
3,2.3,3,1.22,1.10,1.85,0.80,6.46
3,2.3,4,2.13,0.69,0.99,1.13,3.97
3,2.3,5,0.70,0.78,0.46,1.06,1.50
3,2.8,1,1.12,0.77,0.49,0.57,5.68
3,2.8,2,0.86,0.83,0.88,0.84,4.20
3,2.8,3,1.09,1.25,1.38,1.27,2.50
5,0.0,1,1.64,0.97,0.45,1.32,39.30
5,0.0,2,0.76,0.71,0.59,1.41,37.11
5,0.0,3,0.76,0.86,0.49,0.78,35.37
5,0.0,4,1.48,1.39,1.22,1.11,33.93
5,0.0,5,1.34,1.29,0.85,1.06,31.33
5,0.0,6,1.58,1.40,1.18,1.83,29.06
5,0.0,7,0.91,0.87,1.28,0.80,26.06
5,0.0,8,1.02,0.60,0.71,0.68,24.13
5,0.0,9,1.13,1.33,0.93,0.74,22.63
5,0.0,10,1.23,1.09,1.04,1.03,20.56
5,0.0,11,1.65,1.77,1.00,1.13,18.37
5,0.0,12,0.78,1.12,1.00,0.86,15.59
5,0.0,13,1.38,0.93,1.14,0.98,13.71
5,0.0,14,1.50,0.99,0.90,1.20,11.50
5,0.0,15,1.26,1.51,0.99,0.94,9.20
5,0.0,16,1.19,1.09,0.89,1.05,6.85
5,0.0,17,1.09,1.26,1.27,0.93,4.74
5,0.0,18,0.54,0.48,0.55,0.80,2.47
5,0.0,19,0.65,0.57,0.66,0.68,1.28
5,0.3,1,1.27,2.15,1.93,1.82,32.73
5,0.3,2,1.50,1.06,1.23,1.71,29.14
5,0.3,3,1.41,0.94,1.09,1.14,26.39
5,0.3,4,1.20,1.32,1.30,1.34,24.10
5,0.3,5,0.89,0.84,0.93,0.95,21.52
5,0.3,6,0.61,0.80,0.86,0.91,19.72
5,0.3,7,0.89,0.97,1.00,0.93,18.13
5,0.3,8,0.69,0.87,0.89,0.79,16.23
5,0.3,9,0.78,1.02,0.94,1.06,14.61
5,0.3,10,0.78,0.99,1.12,0.73,12.71
5,0.3,11,1.12,1.02,0.94,0.91,10.90
5,0.3,12,1.13,0.90,1.13,0.90,8.91
5,0.3,13,1.25,1.07,0.95,0.82,6.88
5,0.3,14,1.27,1.31,1.20,1.01,4.83
5,0.3,15,1.09,1.21,1.48,1.09,2.44
5,0.8,1,1.76,2.14,1.81,2.28,36.85
5,0.8,2,1.72,1.73,1.24,1.59,32.86
5,0.8,3,1.49,1.24,0.83,0.94,29.72
5,0.8,4,1.46,1.63,1.16,1.59,27.47
5,0.8,5,0.74,0.83,1.11,0.83,24.55
5,0.8,6,0.60,0.62,0.82,1.04,22.79
5,0.8,7,0.90,0.91,1.16,0.89,21.25
5,0.8,8,0.82,0.84,1.02,1.20,19.32
5,0.8,9,1.30,1.35,1.19,1.25,17.38
5,0.8,10,1.07,0.76,0.83,0.92,14.84
5,0.8,11,1.04,0.77,1.01,1.08,13.05
5,0.8,12,1.30,1.09,0.99,1.16,11.10
5,0.8,13,1.13,1.11,0.88,1.10,8.83
5,0.8,14,1.01,1.45,1.57,1.20,6.72
5,0.8,15,1.46,1.07,1.40,1.04,4.10
5,0.8,16,0.83,0.90,0.68,0.82,1.62
5,1.3,1,1.51,1.43,2.63,2.17,32.41
5,1.3,2,1.51,1.11,1.47,1.24,28.54
5,1.3,3,1.19,1.13,1.63,1.08,25.87
5,1.3,4,1.27,1.39,1.38,0.92,23.36
5,1.3,5,1.25,0.75,1.50,0.81,20.88
5,1.3,6,0.78,0.76,0.74,0.73,18.72
5,1.3,7,1.03,0.57,1.00,0.82,17.22
5,1.3,8,1.01,0.86,0.80,0.85,15.51
5,1.3,9,1.04,1.04,0.97,0.74,13.75
5,1.3,10,0.80,0.89,0.50,0.66,11.85
5,1.3,11,1.11,0.69,0.71,0.62,10.43
5,1.3,12,0.66,0.56,0.57,0.82,8.86
5,1.3,13,1.18,1.13,1.01,0.89,7.56
5,1.3,14,1.45,1.27,1.03,0.89,5.45
5,1.3,15,1.74,1.43,1.71,1.38,3.13
5,1.8,1,3.15,2.29,1.91,1.73,28.25
5,1.8,2,1.29,1.27,1.12,1.50,23.71
5,1.8,3,1.20,1.19,0.94,1.13,21.12
5,1.8,4,1.35,1.14,0.86,1.15,18.89
5,1.8,5,0.63,0.62,0.64,0.66,16.64
5,1.8,6,0.51,0.68,0.60,0.54,15.37
5,1.8,7,0.92,0.97,0.53,1.09,14.20
5,1.8,8,0.98,0.86,0.74,0.69,12.45
5,1.8,9,0.94,0.54,0.57,0.68,10.81
5,1.8,10,0.62,0.59,0.69,0.69,9.45
5,1.8,11,0.57,0.70,0.81,0.58,8.15
5,1.8,12,0.79,0.71,0.84,0.78,6.82
5,1.8,13,0.94,0.82,1.51,1.93,5.26
5,1.8,14,1.53,1.24,1.21,1.34,2.66
5,2.3,1,0.67,0.51,0.57,0.73,23.19
5,2.3,2,0.49,0.76,0.56,0.74,21.95
5,2.3,3,0.90,0.77,1.10,0.76,20.67
5,2.3,4,0.69,0.90,0.95,0.95,18.91
5,2.3,5,0.68,0.61,0.87,0.62,17.16
5,2.3,6,0.80,0.78,0.96,0.99,15.77
5,2.3,7,1.05,0.78,0.95,1.23,14.01
5,2.3,8,0.86,0.72,0.98,0.85,12.00
5,2.3,9,1.40,1.27,1.44,1.56,10.30
5,2.3,10,0.92,0.93,1.14,0.99,7.46
5,2.3,11,1.30,1.21,1.18,1.00,5.47
5,2.3,12,1.66,1.56,1.39,1.64,3.13
5,2.8,1,0.77,0.81,0.49,0.96,21.01
5,2.8,2,0.74,0.57,0.44,0.67,19.49
5,2.8,3,0.92,0.55,0.56,0.67,18.28
5,2.8,4,1.09,0.62,0.78,0.77,16.93
5,2.8,5,0.92,0.59,0.84,0.84,15.30
5,2.8,6,1.17,0.81,0.80,0.88,13.71
5,2.8,7,1.85,1.45,1.18,1.72,11.88
5,2.8,8,1.40,1.11,0.99,1.37,8.78
5,2.8,9,1.28,1.05,0.94,1.18,6.34
5,2.8,10,0.86,0.95,1.00,0.97,4.12
5,2.8,11,1.20,1.17,1.14,0.94,2.23
5,3.3,1,0.96,0.71,0.83,0.56,18.27
5,3.3,2,1.36,0.90,0.96,0.81,16.74
5,3.3,3,1.36,1.13,0.78,1.23,14.73
5,3.3,4,1.09,0.95,0.84,1.28,12.48
5,3.3,5,0.88,0.64,1.44,1.04,10.40
5,3.3,6,0.61,0.65,1.10,1.07,8.40
5,3.3,7,0.78,1.56,0.57,0.77,6.68
5,3.3,8,1.31,1.12,0.99,0.92,4.84
5,3.3,9,0.94,1.34,1.43,1.63,2.67
5,3.8,1,0.64,1.03,0.92,0.79,13.64
5,3.8,2,0.92,0.89,1.03,0.59,11.95
5,3.8,3,0.93,0.85,0.80,0.57,10.23
5,3.8,4,1.02,0.87,1.05,1.64,8.66
5,3.8,5,0.96,0.81,1.11,1.19,6.37
5,3.8,6,1.15,1.19,1.09,1.35,4.33
5,3.8,7,1.14,0.90,0.84,1.00,1.94
5,4.3,1,0.54,0.46,0.32,0.48,9.31
5,4.3,2,0.39,0.39,0.54,0.52,8.41
5,4.3,3,0.48,0.77,0.44,0.60,7.49
5,4.3,4,0.77,0.48,0.62,0.49,6.34
5,4.3,5,0.48,0.54,0.83,0.71,5.16
5,4.3,6,0.88,0.90,1.39,0.68,3.88
5,4.3,7,0.98,0.93,1.24,0.76,1.96
5,4.8,1,0.90,0.63,0.75,0.90,3.94
5,4.8,2,1.21,1.06,1.17,1.25,2.35
7,0.0,1,2.83,2.88,4.06,NA,93.92
7,0.0,2,3.27,2.39,4.69,NA,87.41
7,0.0,3,2.27,1.62,3.35,NA,80.51
7,0.0,4,1.52,1.25,4.00,NA,75.68
7,0.0,5,1.26,0.56,1.84,NA,71.17
7,0.0,6,0.98,0.51,1.01,NA,68.73
7,0.0,7,0.50,0.67,1.52,NA,67.06
7,0.0,8,0.63,0.79,0.50,NA,65.27
7,0.0,9,0.61,0.76,0.76,NA,63.99
7,0.0,10,0.66,0.64,0.73,NA,62.57
7,0.0,11,0.53,0.49,0.54,NA,61.21
7,0.0,12,0.65,0.32,0.56,NA,60.17
7,0.0,13,0.73,0.32,0.96,NA,59.15
7,0.0,14,0.76,0.57,0.95,NA,57.81
7,0.0,15,0.47,0.64,0.63,NA,56.29
7,0.0,16,0.83,0.39,0.84,NA,55.13
7,0.0,17,0.73,0.49,1.05,NA,53.76
7,0.0,18,0.85,1.05,1.22,NA,52.25
7,0.0,19,0.92,0.38,0.93,NA,50.17
7,0.0,20,0.78,0.87,0.95,NA,48.68
7,0.0,21,0.62,0.84,2.27,NA,46.95
7,0.0,22,0.71,0.73,0.90,NA,44.46
7,0.0,23,1.31,0.86,1.22,NA,42.90
7,0.0,24,1.49,1.17,0.99,NA,40.64
7,0.0,25,2.23,1.16,1.95,NA,38.21
7,0.0,26,2.35,0.87,2.56,NA,34.65
7,0.0,27,0.94,1.20,2.73,NA,30.79
7,0.0,28,1.79,2.56,2.53,NA,27.55
7,0.0,29,1.85,1.82,2.35,NA,22.96
7,0.0,30,1.63,2.15,2.00,NA,18.95
7,0.0,31,1.59,1.80,2.20,NA,15.09
7,0.0,32,0.98,1.22,1.71,NA,11.37
7,0.0,33,1.57,1.20,1.68,NA,8.76
7,0.0,34,0.62,0.76,0.81,NA,5.79
7,0.0,35,0.70,0.49,0.86,NA,4.33
7,0.0,36,0.61,0.71,0.92,NA,2.97
7,0.0,37,0.87,0.70,0.64,NA,1.47
7,0.3,1,2.25,2.10,1.69,1.49,76.00
7,0.3,2,2.25,3.35,2.31,0.77,72.23
7,0.3,3,2.53,1.69,1.72,1.73,67.89
7,0.3,4,2.22,2.43,1.34,1.51,64.06
7,0.3,5,1.63,1.42,1.17,0.37,60.31
7,0.3,6,1.64,1.55,1.48,0.27,58.01
7,0.3,7,1.04,1.04,1.59,0.23,55.54
7,0.3,8,1.09,0.67,0.86,0.23,53.59
7,0.3,9,0.77,0.56,1.04,0.31,52.17
7,0.3,10,0.58,0.70,1.25,0.32,50.83
7,0.3,11,0.64,0.90,0.42,0.53,49.40
7,0.3,12,0.67,0.76,0.38,0.28,48.16
7,0.3,13,0.68,0.55,0.32,0.31,47.11
7,0.3,14,0.55,0.67,0.48,0.31,46.18
7,0.3,15,0.85,0.71,0.96,0.34,45.18
7,0.3,16,1.00,0.91,1.15,0.64,43.75
7,0.3,17,1.39,1.10,1.55,0.26,41.90
7,0.3,18,0.83,0.86,0.68,0.54,39.75
7,0.3,19,0.85,1.05,0.97,0.35,38.29
7,0.3,20,0.45,0.47,0.37,0.30,36.68
7,0.3,21,0.66,0.32,0.50,0.51,35.89
7,0.3,22,0.82,0.58,0.58,0.57,34.89
7,0.3,23,0.96,0.69,0.34,1.06,33.62
7,0.3,24,1.09,0.77,0.65,0.95,32.09
7,0.3,25,0.76,0.78,0.61,0.72,30.36
7,0.3,26,0.74,0.87,0.42,1.17,28.93
7,0.3,27,0.72,0.74,0.26,0.90,27.33
7,0.3,28,0.92,0.80,1.09,1.28,26.02
7,0.3,29,1.49,1.00,1.97,1.57,23.97
7,0.3,30,1.70,2.68,1.18,1.75,20.96
7,0.3,31,2.18,1.52,1.93,1.27,17.30
7,0.3,32,1.30,1.09,1.86,1.09,13.85
7,0.3,33,1.39,1.59,1.52,1.33,11.18
7,0.3,34,1.89,1.79,2.13,1.81,8.27
7,0.3,35,1.13,1.04,1.07,1.02,4.46
7,0.3,36,1.25,1.50,1.05,0.85,2.33
7,0.8,1,2.09,1.15,1.51,2.13,69.32
7,0.8,2,1.63,1.27,2.25,1.92,65.88
7,0.8,3,2.46,1.11,2.21,1.89,62.34
7,0.8,4,1.55,1.42,1.17,1.99,58.51
7,0.8,5,1.06,0.48,0.65,1.58,55.44
7,0.8,6,1.56,0.33,1.31,1.56,53.56
7,0.8,7,0.80,0.43,1.22,1.06,51.18
7,0.8,8,0.63,0.53,1.14,0.83,49.42
7,0.8,9,0.57,0.51,0.75,0.96,47.86
7,0.8,10,0.75,0.35,1.11,0.71,46.46
7,0.8,11,1.16,0.46,1.36,0.57,45.00
7,0.8,12,1.22,0.40,0.77,0.72,43.23
7,0.8,13,1.56,0.45,0.45,1.05,41.67
7,0.8,14,1.40,0.43,0.46,0.83,39.92
7,0.8,15,1.30,0.44,0.90,0.72,38.36
7,0.8,16,0.53,0.42,0.64,0.99,36.68
7,0.8,17,1.10,0.40,0.82,0.78,35.39
7,0.8,18,0.79,0.56,1.08,0.42,33.84
7,0.8,19,0.80,0.77,1.13,0.54,32.41
7,0.8,20,0.99,0.58,0.67,0.66,30.79
7,0.8,21,0.88,0.49,0.55,0.50,29.34
7,0.8,22,0.69,0.69,0.63,0.73,28.13
7,0.8,23,0.70,0.90,0.94,0.84,26.76
7,0.8,24,0.49,1.36,0.83,0.85,25.07
7,0.8,25,0.66,1.48,0.93,0.69,23.31
7,0.8,26,0.73,1.31,1.10,0.95,21.43
7,0.8,27,1.47,2.19,1.83,1.25,19.38
7,0.8,28,1.87,2.14,1.70,1.94,16.01
7,0.8,29,2.29,1.63,2.25,1.76,12.19
7,0.8,30,1.95,1.71,2.29,2.52,8.22
7,0.8,31,1.17,1.18,1.16,1.08,3.99
7,0.8,32,0.77,0.83,0.83,0.95,1.69
7,1.3,1,1.59,2.12,1.99,2.16,70.22
7,1.3,2,2.20,1.65,2.41,2.38,66.29
7,1.3,3,2.38,1.37,1.58,2.63,61.97
7,1.3,4,0.86,1.04,1.78,1.87,57.99
7,1.3,5,0.82,0.42,1.60,1.72,55.21
7,1.3,6,1.25,0.78,1.22,1.71,52.93
7,1.3,7,1.13,0.70,1.23,0.60,50.45
7,1.3,8,0.51,0.47,1.24,0.73,48.62
7,1.3,9,0.65,0.42,0.72,1.29,47.15
7,1.3,10,0.96,0.51,0.73,0.59,45.61
7,1.3,11,1.00,0.57,0.48,0.76,44.21
7,1.3,12,0.87,0.55,0.58,0.80,42.81
7,1.3,13,0.77,0.51,0.56,0.79,41.41
7,1.3,14,0.76,0.72,0.72,0.65,40.09
7,1.3,15,1.23,0.55,0.43,0.90,38.67
7,1.3,16,0.90,0.86,0.87,1.28,37.11
7,1.3,17,2.27,0.79,0.56,1.79,35.16
7,1.3,18,0.66,0.64,0.76,1.08,32.45
7,1.3,19,0.68,0.58,0.81,0.91,30.88
7,1.3,20,1.01,0.60,0.45,0.74,29.39
7,1.3,21,0.88,0.78,0.56,0.55,27.99
7,1.3,22,0.97,0.64,0.55,0.40,26.61
7,1.3,23,0.96,0.79,0.77,0.75,25.33
7,1.3,24,0.87,1.05,1.05,0.64,23.69
7,1.3,25,0.79,1.05,1.02,1.10,21.89
7,1.3,26,1.07,1.42,1.35,1.61,19.91
7,1.3,27,1.22,1.52,1.28,1.29,17.18
7,1.3,28,1.70,1.98,1.81,1.80,14.53
7,1.3,29,2.63,3.26,3.35,2.78,10.88
7,1.3,30,1.17,1.28,1.27,1.15,4.87
7,1.3,31,1.01,1.43,1.46,0.97,2.44
7,1.8,1,1.69,1.96,1.71,NA,61.97
7,1.8,2,2.51,1.48,1.05,NA,58.40
7,1.8,3,2.08,1.76,1.12,NA,55.04
7,1.8,4,2.13,1.38,0.83,NA,51.73
7,1.8,5,1.59,0.84,0.73,NA,48.84
7,1.8,6,1.10,1.29,1.66,NA,46.73
7,1.8,7,1.08,0.63,0.49,NA,44.03
7,1.8,8,0.88,0.91,0.40,NA,42.57
7,1.8,9,0.86,0.80,1.70,NA,41.11
7,1.8,10,1.30,0.97,0.70,NA,38.87
7,1.8,11,0.93,0.53,0.58,NA,36.89
7,1.8,12,0.92,0.44,0.47,NA,35.53
7,1.8,13,0.59,0.60,0.57,NA,34.31
7,1.8,14,1.07,0.61,0.67,NA,33.13
7,1.8,15,2.51,0.80,0.48,NA,31.57
7,1.8,16,0.78,0.57,0.50,NA,29.04
7,1.8,17,0.96,0.71,0.53,NA,27.81
7,1.8,18,0.74,0.77,0.66,NA,26.34
7,1.8,19,0.69,0.74,0.78,NA,24.89
7,1.8,20,0.60,0.71,0.80,NA,23.42
7,1.8,21,0.74,0.60,0.88,NA,22.01
7,1.8,22,1.02,1.07,1.02,NA,20.53
7,1.8,23,1.23,1.29,1.48,NA,18.46
7,1.8,24,1.27,1.31,2.06,NA,15.79
7,1.8,25,1.78,2.48,1.92,NA,12.70
7,1.8,26,2.63,2.00,1.79,NA,8.58
7,1.8,27,1.03,0.89,1.01,NA,4.30
7,1.8,28,1.15,1.33,1.04,NA,2.35
7,2.3,1,1.69,2.30,1.30,0.99,54.20
7,2.3,2,1.77,1.26,1.44,1.06,51.06
7,2.3,3,1.20,1.22,1.58,1.22,48.29
7,2.3,4,0.80,0.73,0.55,0.87,45.68
7,2.3,5,1.10,0.80,0.49,0.62,44.21
7,2.3,6,1.48,0.65,0.48,0.79,42.70
7,2.3,7,0.81,0.80,0.45,0.71,41.00
7,2.3,8,0.57,0.58,0.75,0.58,39.62
7,2.3,9,0.52,0.74,0.95,0.61,38.38
7,2.3,10,0.69,0.88,1.20,0.39,36.97
7,2.3,11,0.69,0.84,1.09,0.89,35.39
7,2.3,12,0.59,0.82,1.22,0.46,33.63
7,2.3,13,0.69,1.24,0.89,0.46,32.09
7,2.3,14,0.76,1.11,0.91,0.64,30.45
7,2.3,15,1.19,1.29,1.26,0.44,28.74
7,2.3,16,0.62,0.87,0.60,0.67,26.65
7,2.3,17,0.37,0.61,0.91,0.37,25.27
7,2.3,18,0.38,0.67,1.64,0.84,24.14
7,2.3,19,0.53,0.90,0.98,0.60,22.37
7,2.3,20,0.68,0.55,1.06,0.68,20.87
7,2.3,21,1.05,1.45,1.90,1.45,19.38
7,2.3,22,0.84,0.54,0.87,0.96,16.46
7,2.3,23,1.03,1.94,1.30,0.98,14.85
7,2.3,24,1.39,1.62,1.20,1.40,12.23
7,2.3,25,2.22,1.70,2.43,1.53,9.42
7,2.3,26,1.59,1.12,1.12,1.58,5.48
7,2.3,27,1.31,1.46,1.24,1.54,2.78
7,2.8,1,1.89,0.72,6.49,1.43,50.73
7,2.8,2,2.17,0.63,1.62,0.97,45.47
7,2.8,3,1.77,0.67,1.11,0.75,42.77
7,2.8,4,2.30,0.85,0.61,0.91,40.62
7,2.8,5,1.32,0.63,1.11,1.09,38.29
7,2.8,6,1.84,0.53,0.85,1.14,36.21
7,2.8,7,1.59,0.26,0.51,0.99,34.03
7,2.8,8,2.07,0.26,0.51,0.98,32.36
7,2.8,9,1.10,0.30,0.60,0.80,30.45
7,2.8,10,1.40,0.37,0.72,1.28,29.05
7,2.8,11,1.03,0.56,0.75,1.28,27.16
7,2.8,12,1.47,0.70,1.04,1.52,25.35
7,2.8,13,1.00,0.69,1.37,0.57,22.99
7,2.8,14,0.83,0.42,1.04,0.49,21.17
7,2.8,15,1.14,0.96,0.86,0.72,19.78
7,2.8,16,0.76,0.87,0.68,0.89,17.94
7,2.8,17,1.05,0.80,1.02,1.24,16.34
7,2.8,18,0.88,0.75,0.91,0.78,14.29
7,2.8,19,1.06,1.30,1.23,0.91,12.63
7,2.8,20,2.09,2.16,2.33,1.54,10.38
7,2.8,21,1.88,2.73,1.45,1.58,6.32
7,2.8,22,1.22,1.41,1.08,1.28,2.50
7,3.3,1,1.08,1.14,1.22,1.55,42.33
7,3.3,2,1.06,0.74,0.77,1.32,39.83
7,3.3,3,1.26,0.59,1.23,1.09,37.89
7,3.3,4,0.56,0.49,0.64,0.87,35.80
7,3.3,5,0.61,0.47,0.85,0.75,34.52
7,3.3,6,0.59,0.64,1.84,1.37,33.18
7,3.3,7,0.67,0.54,0.70,0.71,30.96
7,3.3,8,0.68,0.73,0.54,1.09,29.65
7,3.3,9,0.52,0.98,0.54,0.58,28.13
7,3.3,10,0.53,0.40,0.85,0.62,26.82
7,3.3,11,0.68,0.67,0.70,0.77,25.62
7,3.3,12,0.68,0.62,0.44,1.04,24.21
7,3.3,13,0.80,0.46,0.98,0.64,22.82
7,3.3,14,2.82,0.64,0.61,0.78,21.38
7,3.3,15,2.05,1.31,0.55,1.51,18.96
7,3.3,16,0.88,1.06,0.93,0.86,16.25
7,3.3,17,1.10,0.96,0.85,0.93,14.38
7,3.3,18,1.56,1.66,1.51,0.89,12.46
7,3.3,19,1.93,2.41,1.88,1.75,9.65
7,3.3,20,1.66,1.24,2.07,1.79,5.67
7,3.3,21,1.08,0.96,1.23,1.30,2.29
7,3.8,1,1.44,1.43,1.29,1.32,28.61
7,3.8,2,1.23,1.52,0.74,0.61,25.87
7,3.8,3,1.14,1.20,0.69,0.81,23.82
7,3.8,4,1.07,1.15,0.68,0.69,21.90
7,3.8,5,0.74,0.45,0.78,0.67,20.11
7,3.8,6,0.84,0.44,0.34,0.54,18.79
7,3.8,7,1.09,0.44,0.31,0.61,17.71
7,3.8,8,0.56,0.36,0.53,0.46,16.48
7,3.8,9,0.77,0.44,0.27,0.36,15.53
7,3.8,10,0.50,0.56,0.34,0.45,14.61
7,3.8,11,0.64,0.38,0.65,0.39,13.68
7,3.8,12,0.44,0.61,0.71,0.58,12.65
7,3.8,13,0.61,1.65,0.67,0.65,11.48
7,3.8,14,1.64,0.99,1.08,1.07,9.69
7,3.8,15,1.25,1.43,1.38,0.90,7.30
7,3.8,16,1.06,1.30,1.02,1.04,4.82
7,3.8,17,1.28,1.61,1.15,1.18,2.61
7,4.3,1,1.07,0.63,1.01,1.13,26.66
7,4.3,2,0.83,0.48,0.48,1.36,24.74
7,4.3,3,0.98,0.40,0.93,1.16,23.17
7,4.3,4,0.85,0.31,0.54,0.90,21.43
7,4.3,5,0.87,1.03,0.46,0.90,20.13
7,4.3,6,0.94,0.82,0.64,0.55,18.50
7,4.3,7,0.56,0.65,0.51,0.29,17.03
7,4.3,8,0.58,0.62,0.51,0.66,16.02
7,4.3,9,0.75,0.87,0.90,0.41,14.84
7,4.3,10,0.55,0.80,0.38,0.59,13.37
7,4.3,11,1.09,0.67,0.85,1.15,12.21
7,4.3,12,0.94,0.82,2.06,1.30,10.33
7,4.3,13,1.66,1.34,1.43,1.82,7.77
7,4.3,14,1.66,0.93,0.90,1.26,4.65
7,4.3,15,1.05,1.32,1.00,1.17,2.27
7,4.8,1,1.42,0.56,0.63,1.22,17.20
7,4.8,2,1.12,0.42,0.56,1.09,15.28
7,4.8,3,0.80,0.42,0.42,0.97,13.69
7,4.8,4,0.74,0.71,0.63,1.12,12.38
7,4.8,5,1.25,0.49,0.58,0.42,10.78
7,4.8,6,0.85,0.97,0.78,0.59,9.41
7,4.8,7,0.82,1.66,1.04,1.51,7.82
7,4.8,8,1.28,0.87,0.76,0.64,5.30
7,4.8,9,1.65,1.76,1.60,2.04,3.53
7,5.3,1,0.90,0.54,1.00,0.51,7.47
7,5.3,2,1.11,0.55,0.68,0.94,6.00
7,5.3,3,0.84,0.66,0.83,0.54,4.36
7,5.3,4,0.34,0.86,0.91,1.03,2.92
7,5.3,5,0.74,0.86,0.58,0.52,1.35
7,5.8,1,0.68,0.24,0.56,0.57,2.95
7,5.8,2,1.06,0.78,1.05,0.96,1.93
8,0.0,1,2.8,3.5,2.7,2.6,24.4
8,0.0,2,2.8,2.1,0.8,1.8,18.6
8,0.0,3,1.3,2.1,0.9,1.9,14.9
8,0.0,4,2.3,0.7,1.1,1.9,11.8
8,0.0,5,0.7,1.1,0.6,0.7,8.8
8,0.0,6,1.2,1.0,0.9,1.4,7.2
8,0.0,7,1.4,1.0,1.0,1.0,5.0
8,0.0,8,0.8,1.2,0.5,0.9,2.8
8,0.0,9,0.6,0.4,0.7,0.4,1.1
8,0.3,1,1.4,1.9,3.3,2.0,20.2
8,0.3,2,1.2,1.5,0.8,2.5,15.9
8,0.3,3,1.3,1.3,1.7,1.1,12.9
8,0.3,4,1.0,0.7,0.7,2.3,10.2
8,0.3,5,1.0,1.0,1.0,0.6,7.8
8,0.3,6,1.4,1.3,1.4,0.9,6.0
8,0.3,7,1.3,0.9,0.8,1.2,3.5
8,0.3,8,0.3,0.8,0.8,0.9,1.4
8,0.8,1,2.1,1.8,1.2,2.1,17.2
8,0.8,2,1.5,1.2,1.4,1.3,13.6
8,0.8,3,0.7,0.5,0.8,0.9,10.9
8,0.8,4,0.9,0.9,0.9,0.4,9.4
8,0.8,5,1.0,0.7,1.1,0.9,7.9
8,0.8,6,1.2,1.3,0.7,0.8,6.0
8,0.8,7,1.3,1.2,1.4,1.2,4.0
8,0.8,8,0.8,0.7,0.7,0.7,1.5
8,1.3,1,0.6,0.2,0.5,1.7,14.0
8,1.3,2,1.2,1.0,1.6,0.5,12.5
8,1.3,3,0.7,1.6,1.5,0.9,10.4
8,1.3,4,1.0,0.5,0.8,0.8,8.0
8,1.3,5,1.0,1.1,1.2,1.0,6.5
8,1.3,6,2.4,1.0,1.3,1.0,4.3
8,1.3,7,0.6,0.8,0.5,1.0,1.5
8,1.8,1,0.5,0.6,1.6,1.2,11.0
8,1.8,2,1.0,0.2,0.8,1.6,9.0
8,1.8,3,1.0,1.0,0.7,1.0,7.2
8,1.8,4,1.2,1.4,0.7,0.6,5.4
8,1.8,5,1.5,1.2,1.0,0.8,3.4
8,1.8,6,0.3,0.5,0.8,0.7,1.2
8,2.3,1,1.5,1.3,1.1,1.0,6.2
8,2.3,2,0.5,1.0,0.8,1.0,3.7
8,2.3,3,1.0,1.0,1.1,1.0,2.1
8,2.8,1,0.8,0.8,1.2,1.1,3.9
8,2.8,2,1.0,0.9,1.0,1.0,2.0
10,0.0,1,1.71,0.75,1.94,0.74,34.79
10,0.0,2,1.64,0.88,2.08,0.98,32.22
10,0.0,3,1.81,0.75,3.00,1.11,29.43
10,0.0,4,0.75,0.44,1.02,0.76,26.10
10,0.0,5,0.56,0.75,0.57,0.85,24.61
10,0.0,6,1.95,0.98,0.53,1.95,23.25
10,0.0,7,0.93,0.66,0.51,0.87,20.54
10,0.0,8,0.90,0.86,0.66,0.96,19.06
10,0.0,9,1.29,0.35,0.82,0.73,17.37
10,0.0,10,0.62,0.54,0.62,0.65,15.77
10,0.0,11,0.88,0.75,0.53,0.96,14.56
10,0.0,12,0.97,0.76,0.64,0.91,13.00
10,0.0,13,0.93,0.61,0.81,0.77,11.36
10,0.0,14,0.85,1.12,0.83,0.78,9.80
10,0.0,15,1.11,1.00,1.45,0.98,8.01
10,0.0,16,0.89,0.79,0.84,0.86,5.74
10,0.0,17,1.12,1.13,0.85,0.99,4.05
10,0.0,18,1.01,1.29,0.91,0.79,2.00
10,0.3,1,0.40,0.88,0.99,0.69,28.28
10,0.3,2,0.54,0.72,0.84,0.98,26.80
10,0.3,3,0.83,1.29,1.38,1.29,25.26
10,0.3,4,0.77,1.11,1.47,1.07,22.86
10,0.3,5,1.27,1.01,1.66,1.29,20.65
10,0.3,6,0.90,0.96,0.73,0.60,18.04
10,0.3,7,0.61,0.79,0.84,0.84,16.44
10,0.3,8,0.81,0.61,0.86,0.83,14.90
10,0.3,9,0.89,0.67,1.24,0.96,13.35
10,0.3,10,0.77,0.64,0.76,0.80,11.47
10,0.3,11,0.73,0.48,0.88,0.54,9.98
10,0.3,12,0.74,0.68,0.78,0.87,8.67
10,0.3,13,1.01,1.06,0.84,0.90,7.13
10,0.3,14,0.92,1.04,1.00,0.84,5.23
10,0.3,15,0.85,1.07,0.63,0.79,3.33
10,0.3,16,0.91,0.80,0.82,0.78,1.66
10,0.8,1,0.67,0.79,1.14,0.85,25.64
10,0.8,2,0.81,0.64,0.87,1.13,23.91
10,0.8,3,0.72,0.93,1.27,0.92,22.19
10,0.8,4,0.98,1.06,1.49,1.21,20.27
10,0.8,5,1.39,1.03,1.08,1.00,17.90
10,0.8,6,1.18,1.20,1.32,1.06,15.65
10,0.8,7,0.78,0.63,0.73,0.69,13.27
10,0.8,8,0.65,0.71,0.59,0.63,11.85
10,0.8,9,0.70,0.67,0.73,0.77,10.56
10,0.8,10,0.60,0.74,0.59,0.93,9.13
10,0.8,11,0.82,0.58,0.82,0.78,7.70
10,0.8,12,0.99,0.73,0.80,1.09,6.20
10,0.8,13,1.20,1.61,1.30,1.37,4.39
10,0.8,14,0.81,0.74,0.97,0.78,1.65
10,1.3,1,1.06,0.77,0.99,NA,24.18
10,1.3,2,0.79,0.82,0.80,NA,22.30
10,1.3,3,1.43,1.28,0.56,NA,20.69
10,1.3,4,0.77,0.54,0.48,NA,18.51
10,1.3,5,0.38,0.56,0.54,NA,17.32
10,1.3,6,1.24,1.14,0.80,NA,16.33
10,1.3,7,1.16,1.26,1.20,NA,14.21
10,1.3,8,1.09,1.07,1.19,NA,11.80
10,1.3,9,0.98,1.11,0.73,NA,9.57
10,1.3,10,0.66,1.10,1.60,NA,7.69
10,1.3,11,0.61,0.77,0.68,NA,5.45
10,1.3,12,0.76,0.76,0.81,NA,4.07
10,1.3,13,1.67,1.18,0.93,NA,2.52
10,1.8,1,1.26,0.96,0.95,0.98,24.87
10,1.8,2,1.39,0.51,1.29,0.97,22.79
10,1.8,3,1.02,0.69,1.30,1.39,20.71
10,1.8,4,1.12,0.87,1.00,1.10,18.51
10,1.8,5,0.93,0.66,0.68,0.95,16.47
10,1.8,6,1.17,1.14,1.19,1.20,14.86
10,1.8,7,1.10,1.05,0.92,1.00,12.51
10,1.8,8,0.84,1.31,0.92,0.70,10.47
10,1.8,9,1.24,1.22,1.76,1.43,8.59
10,1.8,10,0.87,1.11,0.80,0.87,5.76
10,1.8,11,1.33,1.43,1.20,0.99,3.94
10,1.8,12,0.82,0.54,0.80,0.76,1.46
10,2.3,1,1.09,1.04,0.85,0.65,19.72
10,2.3,2,1.04,0.61,1.04,0.90,17.91
10,2.3,3,1.19,0.85,1.13,1.17,16.11
10,2.3,4,0.56,0.69,1.11,0.91,13.94
10,2.3,5,0.83,0.52,0.57,0.88,12.31
10,2.3,6,0.90,0.55,0.69,1.38,10.91
10,2.3,7,0.86,0.75,0.71,0.78,9.15
10,2.3,8,0.84,0.94,0.90,0.56,7.60
10,2.3,9,1.17,0.73,0.87,0.77,5.98
10,2.3,10,1.13,0.92,0.82,0.93,4.21
10,2.3,11,1.20,1.25,1.03,1.13,2.31
10,2.8,1,0.66,0.84,1.78,1.14,16.69
10,2.8,2,0.97,1.19,1.70,1.07,14.48
10,2.8,3,1.41,1.27,1.16,1.17,12.02
10,2.8,4,1.22,1.47,1.40,1.06,9.51
10,2.8,5,1.47,1.03,1.01,1.31,6.94
10,2.8,6,0.95,0.87,0.88,1.14,4.53
10,2.8,7,1.39,1.05,1.39,1.38,2.61
10,3.3,1,1.11,0.74,0.86,1.02,14.70
10,3.3,2,1.19,0.49,0.78,1.17,12.83
10,3.3,3,0.72,0.63,0.63,0.97,11.02
10,3.3,4,1.06,0.97,1.12,1.00,9.54
10,3.3,5,1.43,1.49,1.18,0.61,7.47
10,3.3,6,0.98,1.31,1.09,0.73,5.11
10,3.3,7,1.57,1.53,1.57,1.44,3.06
10,3.8,1,0.92,0.78,0.93,0.86,10.27
10,3.8,2,0.89,1.00,0.98,0.82,8.52
10,3.8,3,1.02,1.55,0.86,1.00,6.68
10,3.8,4,1.42,1.03,1.30,1.00,4.46
10,3.8,5,1.08,1.19,0.89,1.01,2.09
10,4.3,1,1.70,1.43,1.48,1.39,4.83
10,4.3,2,0.92,0.99,0.85,0.89,1.83
11,0.0,1,2.10,2.71,1.55,0.91,108.52
11,0.0,2,2.25,2.80,2.36,1.51,104.89
11,0.0,3,1.84,1.17,1.42,1.05,100.43
11,0.0,4,2.49,1.52,2.35,1.34,97.69
11,0.0,5,1.53,1.12,1.67,1.11,93.84
11,0.0,6,1.94,2.30,1.69,1.27,91.12
11,0.0,7,2.11,1.98,1.87,1.42,87.52
11,0.0,8,2.80,2.08,2.63,1.63,83.83
11,0.0,9,1.18,1.37,2.44,2.29,79.26
11,0.0,10,1.42,1.69,1.21,1.36,75.62
11,0.0,11,1.75,2.83,1.49,1.28,72.78
11,0.0,12,2.09,1.66,1.29,0.74,69.11
11,0.0,13,1.38,1.32,0.82,0.57,66.22
11,0.0,14,1.01,1.65,1.08,1.01,64.17
11,0.0,15,3.05,2.08,1.86,1.84,61.80
11,0.0,16,1.94,1.84,2.22,0.87,57.38
11,0.0,17,2.13,2.13,2.37,1.11,53.95
11,0.0,18,1.62,1.22,2.45,0.67,50.08
11,0.0,19,1.57,0.82,1.22,0.55,47.10
11,0.0,20,1.34,0.75,1.08,0.66,45.02
11,0.0,21,0.85,0.72,1.38,1.42,43.10
11,0.0,22,2.17,1.81,1.77,1.49,40.92
11,0.0,23,2.01,1.61,1.76,1.77,37.30
11,0.0,24,2.48,1.95,1.53,2.43,33.72
11,0.0,25,2.16,1.85,1.62,2.47,29.53
11,0.0,26,3.11,2.14,1.70,1.96,25.48
11,0.0,27,2.63,1.74,1.46,2.00,21.02
11,0.0,28,2.25,1.67,1.02,1.31,17.11
11,0.0,29,2.27,2.24,1.66,2.13,13.98
11,0.0,30,1.70,1.74,1.59,1.41,9.83
11,0.0,31,1.25,1.38,1.68,2.01,6.61
11,0.0,32,1.02,1.10,0.53,0.93,3.45
11,0.0,33,0.73,0.86,0.85,0.88,1.66
11,0.3,1,1.94,1.12,1.40,1.60,90.31
11,0.3,2,2.83,0.80,1.84,1.38,87.28
11,0.3,3,2.40,1.45,1.78,2.18,83.86
11,0.3,4,1.57,1.73,1.66,1.72,79.95
11,0.3,5,1.55,1.38,1.56,1.32,76.61
11,0.3,6,2.01,1.48,1.29,1.67,73.71
11,0.3,7,2.13,1.86,1.61,1.97,70.48
11,0.3,8,4.36,0.87,0.88,0.96,66.70
11,0.3,9,0.80,0.95,0.83,0.65,63.16
11,0.3,10,1.45,0.88,1.20,1.03,61.55
11,0.3,11,1.34,0.86,0.92,0.93,59.27
11,0.3,12,1.78,0.72,0.92,0.68,57.24
11,0.3,13,1.56,0.81,1.12,0.80,55.19
11,0.3,14,1.56,1.13,1.98,1.14,53.05
11,0.3,15,1.36,0.80,1.51,0.98,50.14
11,0.3,16,1.09,1.75,1.72,1.24,47.82
11,0.3,17,0.81,1.86,1.23,1.77,44.92
11,0.3,18,1.03,1.91,0.82,1.84,42.08
11,0.3,19,1.09,1.02,0.96,0.93,39.28
11,0.3,20,1.25,1.86,1.37,1.19,37.28
11,0.3,21,2.07,1.94,1.64,2.40,34.45
11,0.3,22,1.88,1.65,1.40,2.03,30.42
11,0.3,23,2.81,1.61,1.65,1.49,26.94
11,0.3,24,2.31,3.08,1.58,2.95,23.16
11,0.3,25,1.78,2.37,1.71,2.50,18.20
11,0.3,26,2.00,1.84,2.02,1.90,14.02
11,0.3,27,1.10,0.77,1.09,1.13,10.14
11,0.3,28,0.86,1.21,0.99,0.74,8.10
11,0.3,29,1.73,1.35,1.42,1.18,6.20
11,0.3,30,0.44,0.81,0.81,1.18,3.36
11,0.3,31,0.94,0.86,0.70,0.97,1.74
11,1.3,1,1.27,1.93,1.91,1.12,80.15
11,1.3,2,1.57,1.93,1.53,1.66,77.03
11,1.3,3,1.56,2.18,1.87,1.17,73.69
11,1.3,4,1.61,2.39,2.22,1.52,70.30
11,1.3,5,1.07,1.37,1.39,1.39,66.43
11,1.3,6,1.45,1.45,1.11,1.42,63.82
11,1.3,7,1.41,2.07,1.73,0.99,61.10
11,1.3,8,0.86,1.67,2.18,1.67,58.00
11,1.3,9,1.16,1.34,1.40,0.92,54.81
11,1.3,10,1.72,0.95,1.25,1.15,52.40
11,1.3,11,1.66,0.89,1.94,1.15,49.87
11,1.3,12,1.86,0.79,1.79,0.95,47.05
11,1.3,13,1.13,1.01,1.64,1.32,44.35
11,1.3,14,1.84,0.62,1.68,1.69,41.80
11,1.3,15,0.64,0.75,1.66,1.95,38.89
11,1.3,16,0.62,0.61,0.98,1.04,36.39
11,1.3,17,0.68,0.49,0.98,0.94,34.76
11,1.3,18,0.71,1.01,0.79,0.91,33.22
11,1.3,19,0.73,1.53,2.48,1.16,31.51
11,1.3,20,0.95,1.93,2.36,2.35,28.56
11,1.3,21,1.86,1.83,2.45,1.89,24.76
11,1.3,22,1.76,1.97,2.15,1.83,20.75
11,1.3,23,1.67,2.21,1.27,1.56,16.89
11,1.3,24,1.94,2.14,1.50,0.96,13.54
11,1.3,25,2.85,2.67,2.48,3.54,10.27
11,1.3,26,2.30,2.79,1.98,1.92,4.50
11,2.3,1,2.01,1.95,1.51,NA,85.09
11,2.3,2,1.87,2.57,1.57,NA,81.44
11,2.3,3,1.93,1.71,1.87,NA,77.43
11,2.3,4,2.39,2.95,1.76,NA,73.76
11,2.3,5,1.74,1.25,0.92,NA,69.03
11,2.3,6,3.25,2.62,1.57,NA,66.42
11,2.3,7,1.85,3.98,1.95,NA,61.46
11,2.3,8,1.40,1.34,1.14,NA,56.27
11,2.3,9,1.05,1.68,1.46,NA,53.69
11,2.3,10,1.11,1.16,1.80,NA,50.89
11,2.3,11,0.61,1.43,1.58,NA,48.18
11,2.3,12,0.84,1.08,2.64,NA,45.77
11,2.3,13,0.87,1.03,2.41,NA,42.73
11,2.3,14,0.72,1.03,2.85,NA,39.85
11,2.3,15,1.59,1.27,2.72,NA,36.79
11,2.3,16,1.61,1.12,1.48,NA,33.07
11,2.3,17,2.01,0.74,1.79,NA,30.26
11,2.3,18,1.81,0.61,0.95,NA,27.23
11,2.3,19,1.40,1.26,2.23,NA,24.99
11,2.3,20,1.89,1.70,1.92,NA,21.73
11,2.3,21,1.99,2.02,2.41,NA,18.05
11,2.3,22,2.42,2.02,1.56,NA,13.77
11,2.3,23,2.36,3.44,2.80,NA,9.77
11,2.3,24,0.96,1.23,0.97,NA,4.04
11,2.3,25,0.96,1.03,0.91,NA,1.93
11,3.3,1,1.95,1.17,1.66,1.96,66.46
11,3.3,2,1.30,1.94,2.57,2.08,63.09
11,3.3,3,1.96,2.70,2.50,2.78,59.15
11,3.3,4,2.43,1.76,2.51,1.53,54.18
11,3.3,5,1.54,1.22,1.62,0.82,50.06
11,3.3,6,1.31,2.10,2.22,3.09,47.46
11,3.3,7,1.71,2.87,3.09,2.92,43.10
11,3.3,8,3.18,2.97,2.57,2.03,37.81
11,3.3,9,2.01,2.02,2.57,1.41,32.43
11,3.3,10,5.01,2.67,2.08,3.56,28.43
11,3.3,11,1.31,2.01,1.12,3.18,21.77
11,3.3,12,1.58,0.86,1.55,2.14,17.96
11,3.3,13,2.48,2.06,2.14,1.77,14.89
11,3.3,14,0.83,1.18,0.58,0.68,10.67
11,3.3,15,0.60,0.85,0.55,0.80,9.03
11,3.3,16,0.45,0.86,0.99,0.89,7.63
11,3.3,17,0.74,1.08,0.93,1.17,6.04
11,3.3,18,1.16,1.43,0.89,1.04,4.08
11,3.3,19,1.02,0.86,0.81,0.94,1.82
11,4.3,1,1.62,1.27,1.05,NA,46.64
11,4.3,2,1.70,1.47,1.36,NA,44.01
11,4.3,3,1.71,1.18,1.49,NA,40.99
11,4.3,4,2.21,1.95,1.60,NA,38.07
11,4.3,5,1.40,3.44,2.60,NA,34.23
11,4.3,6,1.51,2.50,2.31,NA,29.27
11,4.3,7,1.22,2.23,2.65,NA,25.06
11,4.3,8,0.89,1.15,1.84,NA,20.99
11,4.3,9,0.57,1.16,1.03,NA,18.41
11,4.3,10,1.09,1.24,1.80,NA,16.57
11,4.3,11,1.30,1.36,1.22,NA,13.81
11,4.3,12,1.34,1.65,1.58,NA,11.23
11,4.3,13,1.54,1.93,2.40,NA,8.18
11,4.3,14,1.55,1.11,1.20,NA,4.27
11,4.3,15,0.75,0.94,0.85,NA,1.69
11,5.3,1,2.44,1.51,0.67,1.62,28.77
11,5.3,2,2.37,1.42,0.90,1.45,25.65
11,5.3,3,1.34,2.05,1.28,0.93,22.58
11,5.3,4,1.86,1.03,1.41,1.61,19.78
11,5.3,5,1.31,1.02,1.16,1.42,16.83
11,5.3,6,0.87,0.92,0.79,1.09,14.37
11,5.3,7,1.06,0.93,0.63,1.25,12.54
11,5.3,8,0.73,1.08,1.05,0.99,10.60
11,5.3,9,0.84,0.99,0.77,0.52,8.68
11,5.3,10,0.70,0.78,1.05,1.04,7.12
11,5.3,11,1.25,1.48,1.26,0.94,5.33
11,5.3,12,0.69,0.76,0.77,0.81,2.87
11,5.3,13,0.64,0.72,0.57,0.77,1.35
11,6.3,1,1.61,1.38,1.36,1.30,18.42
11,6.3,2,1.21,1.53,1.05,1.12,15.60
11,6.3,3,1.30,1.09,0.98,1.29,13.14
11,6.3,4,1.26,1.27,0.73,0.99,10.81
11,6.3,5,1.21,0.63,0.86,1.23,8.69
11,6.3,6,1.40,1.32,1.06,1.21,6.72
11,6.3,7,0.64,1.38,0.95,0.74,4.23
11,6.3,8,1.02,1.34,1.32,1.06,2.37
11,7.3,1,1.47,1.29,0.51,0.69,4.38
11,7.3,2,1.30,1.37,0.77,1.36,2.40
12,0.0,1,1.80,1.22,1.61,1.83,52.60
12,0.0,2,2.23,2.55,1.97,3.44,49.37
12,0.0,3,3.76,1.55,2.69,1.81,44.27
12,0.0,4,3.57,2.21,2.71,2.65,39.37
12,0.0,5,2.94,2.32,2.81,2.95,33.80
12,0.0,6,3.71,2.20,1.92,1.93,28.29
12,0.0,7,2.03,1.31,0.53,1.29,23.41
12,0.0,8,2.34,1.42,0.91,1.35,20.83
12,0.0,9,1.24,0.89,0.88,0.86,17.82
12,0.0,10,1.16,0.83,0.95,0.79,15.88
12,0.0,11,1.13,1.02,0.71,0.82,14.02
12,0.0,12,0.82,1.00,0.69,0.86,12.18
12,0.0,13,1.73,1.38,0.88,0.82,10.49
12,0.0,14,1.31,1.38,0.81,0.68,8.09
12,0.0,15,0.83,0.70,0.60,0.54,6.00
12,0.0,16,0.68,0.79,0.66,0.65,4.66
12,0.0,17,0.61,0.38,0.65,0.61,3.27
12,0.0,18,0.45,0.64,0.52,0.51,2.15
12,0.0,19,0.62,0.48,0.55,0.52,1.09
12,0.3,1,1.39,0.89,1.02,1.12,40.19
12,0.3,2,1.96,1.45,1.39,1.04,37.98
12,0.3,3,2.67,1.56,2.11,1.72,35.06
12,0.3,4,2.73,2.57,2.14,2.34,31.03
12,0.3,5,1.96,2.11,2.00,2.01,26.14
12,0.3,6,1.96,1.54,1.95,2.01,22.10
12,0.3,7,1.22,0.83,1.41,1.49,18.37
12,0.3,8,1.20,1.05,0.59,1.06,15.90
12,0.3,9,0.79,0.82,0.47,0.60,13.95
12,0.3,10,0.82,0.64,0.68,0.49,12.61
12,0.3,11,0.85,0.70,0.74,0.79,11.29
12,0.3,12,0.66,0.69,0.67,0.71,9.75
12,0.3,13,1.04,0.99,0.98,0.71,8.39
12,0.3,14,1.16,1.05,0.63,0.91,6.53
12,0.3,15,0.90,1.20,0.97,0.41,4.65
12,0.3,16,0.80,0.73,0.71,0.59,2.91
12,0.3,17,0.75,0.79,0.70,0.75,1.50
12,0.8,1,2.49,1.41,1.22,1.52,37.07
12,0.8,2,1.55,1.18,1.56,1.12,33.75
12,0.8,3,2.66,2.36,1.69,1.81,31.04
12,0.8,4,2.78,2.08,1.67,2.29,26.78
12,0.8,5,2.96,2.38,1.90,1.82,22.37
12,0.8,6,1.07,1.12,1.58,1.33,17.84
12,0.8,7,1.29,0.76,1.21,0.88,15.29
12,0.8,8,1.07,1.16,0.81,0.83,13.22
12,0.8,9,0.97,0.60,0.68,0.69,11.29
12,0.8,10,0.81,0.73,0.60,0.68,9.82
12,0.8,11,0.66,0.67,0.75,0.63,8.41
12,0.8,12,0.72,1.03,0.84,0.65,7.05
12,0.8,13,0.66,0.57,1.04,0.63,5.43
12,0.8,14,0.87,1.14,0.82,0.88,3.98
12,0.8,15,0.98,1.16,1.14,0.97,2.13
12,1.3,1,1.02,1.09,1.35,NA,36.89
12,1.3,2,2.16,1.77,1.11,NA,34.58
12,1.3,3,2.43,1.84,1.82,NA,31.22
12,1.3,4,2.57,1.88,1.73,NA,27.16
12,1.3,5,2.50,1.85,2.09,NA,23.04
12,1.3,6,1.48,1.42,0.69,NA,18.75
12,1.3,7,1.22,1.60,1.11,NA,16.35
12,1.3,8,1.32,1.64,1.37,NA,13.73
12,1.3,9,1.41,1.32,0.84,NA,10.85
12,1.3,10,0.89,1.34,0.76,NA,8.47
12,1.3,11,0.90,0.68,0.84,NA,6.47
12,1.3,12,0.77,0.73,1.15,NA,4.86
12,1.3,13,1.32,1.98,1.34,NA,3.09
12,1.8,1,1.89,2.43,1.39,2.70,31.75
12,1.8,2,2.99,1.16,0.95,1.77,27.54
12,1.8,3,2.90,1.45,1.36,3.44,24.11
12,1.8,4,2.49,2.16,1.61,1.54,19.53
12,1.8,5,2.74,1.95,1.38,1.57,15.63
12,1.8,6,1.68,1.19,0.96,1.13,11.81
12,1.8,7,1.71,1.24,1.09,1.30,9.33
12,1.8,8,1.52,1.28,1.34,1.12,6.66
12,1.8,9,1.15,1.18,0.79,0.96,4.03
12,1.8,10,0.97,0.77,1.03,1.21,1.99
12,2.3,1,0.95,1.64,2.34,1.19,25.16
12,2.3,2,2.45,1.11,1.90,1.92,22.10
12,2.3,3,1.28,1.41,1.96,1.97,18.41
12,2.3,4,0.88,0.88,0.77,0.75,15.10
12,2.3,5,0.95,0.63,1.06,1.44,13.46
12,2.3,6,2.26,2.12,1.81,2.06,11.42
12,2.3,7,1.32,1.03,1.36,1.14,7.29
12,2.3,8,0.83,0.98,1.09,1.13,4.87
12,2.3,9,0.98,0.70,0.84,0.91,2.85
12,2.3,10,0.58,0.52,0.58,0.59,1.14
12,2.8,1,2.61,1.16,1.05,1.33,22.15
12,2.8,2,1.04,0.92,0.98,0.65,19.08
12,2.8,3,1.08,1.39,1.02,0.99,17.28
12,2.8,4,1.34,1.15,2.36,0.88,15.04
12,2.8,5,1.40,1.36,1.23,1.86,12.18
12,2.8,6,1.22,1.09,1.05,0.94,9.25
12,2.8,7,1.26,1.06,1.12,1.18,7.10
12,2.8,8,0.93,1.16,1.21,0.81,4.79
12,2.8,9,1.18,1.37,1.44,1.48,2.74
12,3.3,1,1.58,1.37,1.73,1.55,17.70
12,3.3,2,1.18,0.80,1.06,1.20,14.59
12,3.3,3,1.19,1.19,0.82,1.31,12.47
12,3.3,4,0.81,1.13,1.21,1.33,10.21
12,3.3,5,1.21,0.89,0.81,0.98,7.97
12,3.3,6,0.74,0.74,1.04,1.02,6.03
12,3.3,7,0.81,0.74,0.79,0.57,4.26
12,3.3,8,0.66,0.54,0.61,0.54,2.80
12,3.3,9,1.06,0.78,0.62,0.79,1.63
12,3.8,1,1.64,1.36,1.21,0.98,12.42
12,3.8,2,1.64,1.16,1.14,1.04,9.83
12,3.8,3,1.44,1.28,0.71,1.06,7.34
12,3.8,4,1.14,1.11,1.20,1.02,5.09
12,3.8,5,1.45,1.53,1.23,1.50,2.86
12,4.3,1,0.72,0.61,0.48,0.57,8.80
12,4.3,2,1.06,0.83,0.63,1.03,7.61
12,4.3,3,1.62,1.50,1.14,1.16,5.84
12,4.3,4,1.39,1.63,1.76,1.47,3.13
12,4.8,1,1.44,1.20,1.32,1.25,2.61
13,0.0,1,3.06,2.40,1.01,NA,82.17
13,0.0,2,1.53,1.19,0.85,NA,77.86
13,0.0,3,2.04,0.98,0.37,NA,75.48
13,0.0,4,1.81,1.78,0.55,NA,73.22
13,0.0,5,3.75,1.45,1.06,NA,70.46
13,0.0,6,2.35,1.55,0.70,NA,66.29
13,0.0,7,1.97,1.06,0.99,NA,63.22
13,0.0,8,1.50,0.63,0.64,NA,60.54
13,0.0,9,1.32,0.65,0.37,NA,58.69
13,0.0,10,1.86,0.94,0.49,NA,57.13
13,0.0,11,1.78,0.88,0.43,NA,54.94
13,0.0,12,2.19,2.02,2.51,NA,52.88
13,0.0,13,1.58,1.00,0.49,NA,48.40
13,0.0,14,3.37,1.70,2.85,NA,46.35
13,0.0,15,2.42,1.02,1.26,NA,41.07
13,0.0,16,2.48,1.06,1.44,NA,37.94
13,0.0,17,2.09,1.06,1.30,NA,34.62
13,0.0,18,2.18,2.30,3.72,NA,31.65
13,0.0,19,1.21,1.70,1.63,NA,26.19
13,0.0,20,2.27,2.57,3.37,NA,23.16
13,0.0,21,1.23,1.25,1.71,NA,17.69
13,0.0,22,0.61,1.02,1.41,NA,14.89
13,0.0,23,0.72,0.67,0.83,NA,12.87
13,0.0,24,0.69,1.02,0.91,NA,11.39
13,0.0,25,0.88,1.69,1.92,NA,9.64
13,0.0,26,1.28,1.27,1.06,NA,6.65
13,0.0,27,1.91,2.16,2.29,NA,4.24
13,0.3,1,1.27,0.60,1.78,0.72,81.14
13,0.3,2,1.32,1.65,1.20,1.28,78.96
13,0.3,3,1.63,1.01,1.03,0.82,76.23
13,0.3,4,1.68,1.02,1.03,1.02,73.99
13,0.3,5,3.07,1.49,2.89,1.68,71.61
13,0.3,6,1.95,1.49,2.10,1.00,67.05
13,0.3,7,1.04,1.04,1.90,1.24,63.78
13,0.3,8,1.52,1.81,2.57,1.33,61.17
13,0.3,9,1.78,1.06,2.25,1.46,57.55
13,0.3,10,1.41,1.57,1.11,1.12,54.28
13,0.3,11,1.14,1.48,1.35,1.36,51.67
13,0.3,12,1.58,3.25,3.22,4.09,49.01
13,0.3,13,1.50,1.38,1.53,1.24,42.94
13,0.3,14,1.49,1.61,2.56,2.37,40.11
13,0.3,15,1.76,1.46,1.43,1.90,36.10
13,0.3,16,2.23,1.58,1.88,1.63,32.82
13,0.3,17,1.67,1.58,1.07,1.43,29.16
13,0.3,18,2.31,1.27,2.39,2.62,26.29
13,0.3,19,2.75,1.39,1.22,1.74,21.99
13,0.3,20,1.90,1.33,1.91,1.89,18.44
13,0.3,21,1.43,1.01,1.07,1.50,14.93
13,0.3,22,0.95,0.74,0.60,1.14,12.42
13,0.3,23,1.21,0.60,0.67,1.40,10.71
13,0.3,24,0.65,0.90,0.80,1.05,8.77
13,0.3,25,1.50,1.53,1.35,1.55,7.07
13,0.3,26,1.96,2.02,2.23,1.99,4.10
13,1.3,1,1.24,0.87,0.71,1.16,73.14
13,1.3,2,1.78,1.10,2.22,1.32,71.15
13,1.3,3,1.34,0.97,0.74,0.97,67.94
13,1.3,4,1.85,1.09,1.59,1.66,65.93
13,1.3,5,1.54,1.29,1.44,1.72,62.84
13,1.3,6,2.15,1.96,2.23,2.27,59.84
13,1.3,7,1.89,1.17,1.45,1.51,55.54
13,1.3,8,1.37,2.35,2.76,1.16,52.53
13,1.3,9,2.11,1.38,1.59,1.72,48.71
13,1.3,10,1.99,1.38,1.94,2.42,45.31
13,1.3,11,2.83,1.02,1.06,2.34,41.44
13,1.3,12,2.14,2.06,1.55,2.36,37.82
13,1.3,13,0.91,1.11,0.93,1.30,33.76
13,1.3,14,1.83,1.72,1.39,1.59,31.64
13,1.3,15,1.68,1.56,0.86,1.40,28.37
13,1.3,16,1.69,1.96,1.71,1.20,25.62
13,1.3,17,1.47,1.61,0.61,1.02,22.34
13,1.3,18,1.17,1.50,1.36,1.88,19.99
13,1.3,19,1.28,1.00,1.07,1.37,17.03
13,1.3,20,1.71,0.87,1.28,1.54,14.67
13,1.3,21,1.21,0.75,1.02,1.22,11.97
13,1.3,22,0.67,0.98,1.07,1.51,9.87
13,1.3,23,0.80,1.23,1.30,1.17,7.76
13,1.3,24,0.77,0.93,0.95,1.01,5.51
13,1.3,25,2.00,1.85,1.33,2.17,3.68
13,2.3,1,1.19,1.58,0.93,0.89,68.15
13,2.3,2,1.23,1.63,0.75,0.67,65.86
13,2.3,3,2.11,1.42,0.63,0.95,63.72
13,2.3,4,2.50,1.58,1.85,1.49,61.16
13,2.3,5,1.73,1.51,1.41,1.10,57.45
13,2.3,6,2.89,1.75,0.90,1.53,54.58
13,2.3,7,1.44,1.47,1.75,1.51,51.04
13,2.3,8,1.42,1.84,1.54,1.28,47.96
13,2.3,9,1.20,1.57,1.25,1.80,44.92
13,2.3,10,1.59,0.99,0.98,1.64,42.01
13,2.3,11,1.63,0.68,1.91,0.89,39.41
13,2.3,12,1.25,0.71,0.81,1.64,36.85
13,2.3,13,1.14,0.96,1.17,0.71,34.65
13,2.3,14,1.29,1.19,1.70,1.04,32.66
13,2.3,15,1.78,2.06,2.77,1.13,30.05
13,2.3,16,1.28,1.75,1.39,1.29,26.18
13,2.3,17,1.55,1.50,1.96,1.39,23.32
13,2.3,18,1.66,1.61,1.67,1.14,20.12
13,2.3,19,1.93,2.08,1.91,1.79,17.08
13,2.3,20,1.28,1.74,1.49,1.12,13.23
13,2.3,21,1.59,1.52,1.52,1.30,10.41
13,2.3,22,0.97,1.16,1.02,0.84,7.45
13,2.3,23,2.38,2.37,3.04,3.11,5.45
13,3.3,1,0.99,0.74,1.55,1.67,59.00
13,3.3,2,1.39,0.61,1.76,0.78,56.52
13,3.3,3,0.93,0.81,1.63,1.31,54.25
13,3.3,4,1.22,1.00,1.79,1.16,51.91
13,3.3,5,1.16,0.92,1.49,1.13,49.33
13,3.3,6,1.11,1.15,1.74,1.24,46.98
13,3.3,7,1.30,1.08,1.04,1.10,44.36
13,3.3,8,1.47,1.27,1.15,1.00,42.10
13,3.3,9,1.11,2.11,2.70,1.15,39.65
13,3.3,10,3.07,2.29,1.93,1.56,36.12
13,3.3,11,0.78,0.90,0.79,1.44,31.69
13,3.3,12,1.49,1.05,1.19,1.03,29.74
13,3.3,13,0.79,1.09,1.44,0.84,27.36
13,3.3,14,0.96,0.90,1.03,1.09,25.28
13,3.3,15,1.39,1.08,0.95,1.35,23.29
13,3.3,16,1.29,1.31,0.94,1.30,20.90
13,3.3,17,1.07,1.43,1.22,1.31,18.48
13,3.3,18,1.35,1.20,1.12,1.23,15.97
13,3.3,19,1.24,1.10,1.09,0.98,13.52
13,3.3,20,1.36,1.25,1.47,1.57,11.31
13,3.3,21,1.99,1.54,1.52,2.21,8.49
13,3.3,22,2.48,2.30,2.29,2.64,4.86
13,4.3,1,0.99,0.89,0.73,0.74,50.49
13,4.3,2,1.20,0.77,1.25,0.83,48.82
13,4.3,3,1.34,0.93,1.32,1.12,46.79
13,4.3,4,1.97,0.79,1.73,1.55,44.44
13,4.3,5,1.14,0.83,1.40,1.07,41.42
13,4.3,6,1.36,0.61,0.98,0.71,39.20
13,4.3,7,1.82,0.73,1.12,0.46,37.37
13,4.3,8,1.04,1.27,1.38,0.75,35.30
13,4.3,9,1.38,1.13,1.19,0.87,33.08
13,4.3,10,2.66,2.08,1.66,1.38,30.80
13,4.3,11,1.28,0.93,1.10,0.67,26.91
13,4.3,12,1.00,0.82,0.91,0.74,24.92
13,4.3,13,1.10,1.25,1.26,1.10,23.18
13,4.3,14,1.29,0.98,1.17,0.47,20.83
13,4.3,15,0.84,1.10,1.92,1.31,18.87
13,4.3,16,1.53,1.53,1.50,1.22,16.29
13,4.3,17,1.92,2.51,1.54,2.55,13.40
13,4.3,18,2.25,2.54,2.20,2.11,9.14
13,4.3,19,1.35,1.50,1.40,1.02,4.59
13,4.3,20,0.99,1.07,1.03,0.81,1.95
13,5.3,1,1.00,0.59,0.97,1.05,39.99
13,5.3,2,2.59,1.04,1.32,1.37,38.19
13,5.3,3,2.05,0.82,1.87,1.55,35.03
13,5.3,4,2.03,1.99,1.72,2.59,31.88
13,5.3,5,1.28,1.21,1.11,1.24,27.72
13,5.3,6,1.13,1.07,1.23,1.16,25.30
13,5.3,7,1.26,1.04,1.13,1.01,23.00
13,5.3,8,1.04,0.83,1.07,0.83,20.78
13,5.3,9,1.27,0.97,0.83,0.93,18.90
13,5.3,10,1.25,1.00,0.99,0.88,16.90
13,5.3,11,1.15,0.94,1.17,1.26,14.84
13,5.3,12,1.61,0.73,0.90,1.18,12.58
13,5.3,13,0.86,0.88,0.63,1.12,10.37
13,5.3,14,1.11,1.30,1.62,0.92,8.62
13,5.3,15,1.43,1.54,1.49,1.45,6.15
13,5.3,16,1.18,1.50,1.83,1.87,3.19
13,6.3,1,2.20,1.11,1.49,1.62,33.54
13,6.3,2,3.34,1.63,1.69,2.44,30.33
13,6.3,3,2.82,1.77,2.13,2.39,25.78
13,6.3,4,2.83,1.12,1.50,1.83,21.22
13,6.3,5,0.98,0.82,0.89,0.94,17.58
13,6.3,6,0.86,0.72,0.90,0.84,15.77
13,6.3,7,1.14,0.56,1.05,0.71,14.11
13,6.3,8,0.73,0.55,0.65,0.61,12.38
13,6.3,9,0.95,0.81,1.09,0.44,11.11
13,6.3,10,1.04,0.66,0.65,0.65,9.46
13,6.3,11,0.66,0.98,0.53,1.07,7.96
13,6.3,12,0.82,0.98,0.62,0.94,6.34
13,6.3,13,1.00,1.30,1.63,1.42,4.66
13,6.3,14,1.16,0.92,0.93,0.96,1.99
13,7.3,1,1.52,0.55,0.52,0.90,12.37
13,7.3,2,1.42,0.74,0.67,0.96,10.63
13,7.3,3,0.98,0.98,0.74,1.36,8.73
13,7.3,4,1.44,0.58,0.85,0.97,6.70
13,7.3,5,1.03,0.87,1.24,0.94,4.78
13,7.3,6,0.49,0.84,0.70,1.00,2.74
13,7.3,7,0.53,0.78,0.71,0.43,1.23
16,0.0,1,2.79,1.47,2.06,1.85,111.10
16,0.0,2,3.42,0.93,1.60,3.31,107.01
16,0.0,3,2.29,0.96,2.10,1.82,102.38
16,0.0,4,3.30,1.20,1.05,1.40,98.80
16,0.0,5,1.61,1.34,2.25,1.04,95.32
16,0.0,6,1.78,1.28,2.15,2.12,92.20
16,0.0,7,1.81,1.46,1.36,1.86,88.54
16,0.0,8,2.03,2.23,1.89,1.10,85.29
16,0.0,9,2.55,1.91,2.31,2.08,81.67
16,0.0,10,1.71,1.13,3.22,1.52,77.24
16,0.0,11,2.20,1.38,2.16,1.15,73.45
16,0.0,12,2.56,1.67,1.03,1.66,70.01
16,0.0,13,1.60,2.30,2.26,3.23,66.55
16,0.0,14,3.11,2.20,1.67,1.91,61.85
16,0.0,15,2.46,1.79,2.13,1.91,57.41
16,0.0,16,2.88,1.34,3.06,2.19,53.26
16,0.0,17,4.17,1.63,2.68,2.78,48.53
16,0.0,18,2.42,2.70,2.79,3.07,42.90
16,0.0,19,3.16,3.45,2.72,2.46,37.41
16,0.0,20,2.39,2.78,4.79,2.16,31.51
16,0.0,21,2.53,1.77,1.78,2.56,25.45
16,0.0,22,2.04,2.42,1.79,2.05,21.13
16,0.0,23,1.49,1.54,1.76,1.21,16.98
16,0.0,24,0.93,1.38,1.39,1.57,13.98
16,0.0,25,1.92,1.40,1.93,1.46,11.35
16,0.0,26,0.91,1.65,1.10,1.60,7.99
16,0.0,27,1.96,1.39,0.68,1.75,5.36
16,0.0,28,1.16,1.23,1.18,1.37,2.47
16,0.3,1,5.07,0.80,4.07,3.43,98.00
16,0.3,2,3.07,1.03,2.62,2.10,91.32
16,0.3,3,2.41,1.03,2.95,1.47,86.91
16,0.3,4,3.07,1.43,2.76,1.51,82.98
16,0.3,5,1.68,0.99,1.42,2.37,78.59
16,0.3,6,1.61,1.64,1.13,3.47,75.36
16,0.3,7,2.51,1.33,1.92,2.06,71.44
16,0.3,8,1.60,1.72,1.66,2.05,67.53
16,0.3,9,1.26,1.26,1.09,1.53,64.01
16,0.3,10,1.85,1.89,1.21,1.59,61.44
16,0.3,11,1.78,1.62,1.45,1.50,58.17
16,0.3,12,1.58,2.08,1.79,2.41,55.00
16,0.3,13,1.65,1.14,1.76,2.47,51.07
16,0.3,14,2.75,1.87,2.35,2.32,47.56
16,0.3,15,3.15,2.30,1.60,2.34,42.91
16,0.3,16,2.84,3.59,4.10,2.75,38.22
16,0.3,17,2.70,2.65,2.96,2.67,31.58
16,0.3,18,1.93,1.35,2.29,2.10,26.09
16,0.3,19,2.42,2.64,2.52,2.24,22.25
16,0.3,20,1.48,1.50,1.59,1.47,17.34
16,0.3,21,1.16,0.82,0.99,0.92,14.32
16,0.3,22,0.58,0.97,1.07,1.03,12.38
16,0.3,23,0.81,0.91,0.69,0.80,10.55
16,0.3,24,1.22,1.27,0.85,0.97,8.95
16,0.3,25,1.19,1.09,1.15,1.21,6.79
16,0.3,26,0.84,1.09,1.18,0.97,4.47
16,0.3,27,1.29,1.13,1.33,1.11,2.43
16,1.3,1,2.72,0.64,2.76,2.14,93.39
16,1.3,2,1.81,1.79,2.27,1.84,89.26
16,1.3,3,1.50,1.09,2.31,1.79,85.40
16,1.3,4,3.88,1.53,2.47,2.32,82.06
16,1.3,5,2.19,2.46,1.74,2.41,76.96
16,1.3,6,3.55,1.62,1.87,1.91,72.56
16,1.3,7,2.96,1.02,2.47,5.64,68.08
16,1.3,8,1.90,1.08,1.14,2.06,62.04
16,1.3,9,2.81,1.19,0.92,1.12,58.95
16,1.3,10,2.62,0.98,1.25,0.92,55.93
16,1.3,11,2.54,1.26,1.36,0.82,53.04
16,1.3,12,3.12,1.97,1.61,1.06,50.05
16,1.3,13,2.97,3.10,1.73,1.30,46.17
16,1.3,14,2.45,2.28,1.59,1.65,41.62
16,1.3,15,3.56,2.40,1.93,1.98,37.64
16,1.3,16,4.93,2.90,1.41,2.83,32.70
16,1.3,17,4.07,2.02,2.29,2.27,26.67
16,1.3,18,1.73,1.94,1.43,1.27,21.34
16,1.3,19,2.12,1.78,1.97,2.03,18.16
16,1.3,20,1.73,1.66,0.93,1.53,14.21
16,1.3,21,2.10,1.15,0.96,1.03,11.28
16,1.3,22,1.98,0.89,0.78,0.93,8.66
16,1.3,23,3.21,1.14,1.01,2.07,6.37
16,1.3,24,1.74,1.23,1.41,0.93,2.66
16,2.3,1,4.34,2.15,0.87,4.24,86.38
16,2.3,2,1.35,1.86,1.15,1.06,80.58
16,2.3,3,1.71,1.54,1.56,2.19,77.87
16,2.3,4,2.07,1.53,1.71,2.04,74.37
16,2.3,5,1.98,1.84,1.06,1.97,70.70
16,2.3,6,1.40,2.03,2.58,2.06,67.27
16,2.3,7,3.54,2.54,0.49,1.29,63.24
16,2.3,8,2.89,1.85,0.43,0.70,59.31
16,2.3,9,1.29,1.33,0.39,0.94,56.37
16,2.3,10,5.07,1.31,0.26,0.75,54.40
16,2.3,11,2.19,1.22,0.47,1.55,50.70
16,2.3,12,2.66,1.53,0.78,2.33,47.99
16,2.3,13,2.66,1.25,1.08,2.31,44.34
16,2.3,14,3.23,1.88,0.93,2.33,40.69
16,2.3,15,2.97,2.80,0.98,1.76,36.50
16,2.3,16,2.90,2.80,1.12,1.79,32.25
16,2.3,17,2.41,2.59,1.28,3.44,27.94
16,2.3,18,4.25,3.11,1.92,3.17,23.08
16,2.3,19,4.26,3.88,2.20,3.74,16.86
16,2.3,20,3.89,3.79,2.26,4.05,9.82
16,2.3,21,1.16,1.62,1.38,1.48,2.82
16,3.3,1,4.52,1.57,4.67,1.55,79.94
16,3.3,2,2.07,2.31,2.94,1.61,73.78
16,3.3,3,2.54,1.73,2.83,1.37,69.32
16,3.3,4,3.66,1.63,1.92,2.49,65.08
16,3.3,5,1.31,1.44,3.14,1.39,60.23
16,3.3,6,2.46,1.95,2.79,1.38,56.59
16,3.3,7,2.32,1.38,1.74,1.85,52.30
16,3.3,8,0.80,1.89,1.03,1.05,48.66
16,3.3,9,1.66,1.25,0.96,1.13,46.27
16,3.3,10,2.36,1.69,0.96,1.65,43.77
16,3.3,11,2.88,1.19,1.36,1.73,40.44
16,3.3,12,2.10,1.23,1.21,1.07,36.86
16,3.3,13,2.71,1.49,0.90,1.10,34.06
16,3.3,14,3.90,1.11,1.38,1.83,30.96
16,3.3,15,2.63,2.27,1.81,1.74,26.85
16,3.3,16,1.41,2.87,2.10,2.49,22.62
16,3.3,17,1.09,2.15,1.70,1.81,18.19
16,3.3,18,2.36,1.80,1.43,1.72,14.81
16,3.3,19,2.85,3.62,2.17,2.79,11.16
16,3.3,20,2.72,2.12,3.69,2.35,5.44
16,4.3,1,2.29,2.11,2.64,2.09,69.55
16,4.3,2,2.61,2.13,1.76,2.42,64.99
16,4.3,3,1.81,1.08,1.92,1.24,60.53
16,4.3,4,2.83,0.82,2.26,2.26,57.50
16,4.3,5,2.78,1.37,4.77,3.05,53.42
16,4.3,6,3.88,2.15,3.01,2.57,47.43
16,4.3,7,2.54,2.11,1.54,2.26,41.63
16,4.3,8,1.59,0.80,1.51,2.59,37.40
16,4.3,9,1.77,1.22,1.61,1.78,34.16
16,4.3,10,1.77,1.48,1.24,1.18,30.97
16,4.3,11,1.52,0.99,1.09,1.45,28.13
16,4.3,12,1.00,1.38,1.70,1.74,25.61
16,4.3,13,1.65,1.43,1.58,2.57,22.70
16,4.3,14,1.53,1.47,1.45,1.64,19.08
16,4.3,15,1.78,1.40,1.38,1.29,16.04
16,4.3,16,2.48,1.27,2.18,1.54,13.11
16,4.3,17,1.51,1.71,2.08,1.69,9.38
16,4.3,18,1.98,2.31,2.13,1.83,5.88
16,4.3,19,0.70,0.81,1.00,1.00,1.76
16,5.3,1,2.88,2.80,2.67,3.49,65.38
16,5.3,2,2.44,2.18,3.48,3.25,59.46
16,5.3,3,2.49,1.56,1.30,2.37,53.78
16,5.3,4,2.32,1.79,1.42,1.59,49.92
16,5.3,5,2.97,1.30,2.76,2.99,46.36
16,5.3,6,2.21,1.54,3.88,1.94,41.35
16,5.3,7,0.67,1.23,2.62,0.89,36.57
16,5.3,8,1.03,1.69,2.40,0.56,33.86
16,5.3,9,0.88,1.63,1.83,1.23,31.02
16,5.3,10,1.80,1.59,1.72,0.93,28.24
16,5.3,11,1.55,0.90,1.20,1.08,25.22
16,5.3,12,1.11,0.89,1.21,1.08,22.85
16,5.3,13,1.16,1.56,2.30,1.10,20.71
16,5.3,14,2.03,1.79,1.81,1.95,17.65
16,5.3,15,1.89,2.66,2.64,2.90,13.86
16,5.3,16,2.05,1.94,2.78,1.87,8.81
16,5.3,17,1.24,1.56,1.12,1.21,4.49
16,5.3,18,1.07,0.84,1.08,0.86,1.93
16,6.3,1,2.56,1.62,0.78,1.72,56.01
16,6.3,2,1.79,0.90,0.85,1.29,52.67
16,6.3,3,2.24,0.87,1.01,1.17,50.25
16,6.3,4,1.69,1.36,1.69,1.07,47.61
16,6.3,5,3.08,1.67,1.77,1.62,44.70
16,6.3,6,1.69,1.11,2.28,2.40,40.63
16,6.3,7,4.06,1.46,1.15,2.27,36.89
16,6.3,8,1.97,3.34,1.36,1.11,32.42
16,6.3,9,2.19,3.16,2.14,3.07,28.53
16,6.3,10,2.39,1.45,1.80,1.24,23.25
16,6.3,11,1.76,1.69,1.17,1.05,19.81
16,6.3,12,0.97,1.31,0.89,1.12,16.98
16,6.3,13,1.25,1.35,0.84,1.27,14.83
16,6.3,14,1.07,1.08,1.13,1.35,12.48
16,6.3,15,2.19,2.17,2.64,2.09,10.16
16,6.3,16,1.97,1.21,1.78,2.17,5.62
16,6.3,17,0.90,1.11,1.01,1.08,2.05
16,7.3,1,1.81,0.79,0.55,0.87,46.82
16,7.3,2,2.16,0.71,0.49,0.66,44.81
16,7.3,3,1.88,1.51,0.95,1.87,42.80
16,7.3,4,1.09,1.07,0.97,1.17,39.69
16,7.3,5,4.23,0.71,0.72,0.90,37.54
16,7.3,6,4.36,1.31,1.38,1.00,34.26
16,7.3,7,2.06,1.71,1.21,1.41,30.24
16,7.3,8,2.04,1.99,1.07,1.41,27.04
16,7.3,9,1.78,1.41,1.47,1.65,23.79
16,7.3,10,0.80,2.54,1.29,1.23,20.63
16,7.3,11,0.73,1.27,1.24,1.32,17.70
16,7.3,12,0.59,1.47,1.58,0.94,15.42
16,7.3,13,1.62,1.46,1.26,1.05,13.13
16,7.3,14,0.96,1.12,1.58,1.50,10.44
16,7.3,15,1.16,1.01,1.52,1.23,7.86
16,7.3,16,1.75,1.70,1.38,2.07,5.40
16,7.3,17,1.18,0.84,0.85,1.02,1.95
16,8.3,1,1.02,0.97,1.09,1.01,21.40
16,8.3,2,1.00,0.60,0.84,1.24,19.35
16,8.3,3,0.77,1.01,1.00,1.44,17.51
16,8.3,4,1.60,1.43,0.94,0.97,15.40
16,8.3,5,1.43,1.16,1.08,1.50,12.93
16,8.3,6,0.93,0.87,0.85,0.79,10.35
16,8.3,7,0.77,0.89,1.21,1.25,8.63
16,8.3,8,0.96,0.86,0.91,1.03,6.57
16,8.3,9,0.97,0.72,0.77,1.13,4.69
16,8.3,10,1.25,0.72,0.53,0.78,2.89
16,8.3,11,0.82,0.69,0.59,0.40,1.25
16,9.3,1,0.7,0.6,1.2,0.9,11.2
16,9.3,2,1.2,0.9,1.0,1.1,9.5
16,9.3,3,0.9,1.3,0.9,1.0,7.4
16,9.3,4,1.5,1.1,1.4,1.3,5.3
16,9.3,5,0.9,0.5,0.7,0.7,2.7
16,9.3,6,0.5,0.7,0.5,0.8,1.3
17,0.0,1,2.58,2.52,1.24,1.26,220.29
17,0.0,2,2.04,1.49,1.42,2.30,216.49
17,0.0,3,1.74,1.46,0.99,0.90,212.86
17,0.0,4,3.16,1.02,1.69,1.27,210.32
17,0.0,5,2.29,1.47,1.30,1.16,206.75
17,0.0,6,2.53,1.64,1.66,0.97,203.64
17,0.0,7,2.49,1.82,0.80,1.37,200.24
17,0.0,8,2.42,0.88,0.98,1.45,197.00
17,0.0,9,1.81,0.96,0.95,1.40,194.13
17,0.0,10,3.61,1.90,0.65,2.32,191.57
17,0.0,11,2.18,1.84,0.76,1.31,187.33
17,0.0,12,2.64,0.93,1.43,1.11,184.29
17,0.0,13,2.08,1.55,1.25,1.38,181.23
17,0.0,14,2.23,2.41,2.00,1.36,178.10
17,0.0,15,1.81,1.33,2.31,1.96,174.10
17,0.0,16,6.38,0.96,2.53,2.89,170.40
17,0.0,17,3.74,0.95,2.38,2.36,164.02
17,0.0,18,3.97,1.68,1.71,1.36,159.30
17,0.0,19,2.40,1.60,2.22,1.02,154.94
17,0.0,20,2.17,1.80,2.37,1.33,151.32
17,0.0,21,2.92,2.09,2.58,1.68,147.49
17,0.0,22,1.47,1.78,2.38,0.96,142.85
17,0.0,23,2.31,1.27,1.48,0.70,139.56
17,0.0,24,3.64,1.09,3.29,0.85,136.68
17,0.0,25,1.43,1.90,2.44,1.19,132.24
17,0.0,26,3.57,1.56,2.50,1.11,128.76
17,0.0,27,2.66,1.29,1.33,1.18,124.39
17,0.0,28,2.07,1.39,2.47,1.30,121.16
17,0.0,29,1.23,1.98,1.17,1.24,117.55
17,0.0,30,1.45,1.19,2.01,0.97,114.74
17,0.0,31,0.87,2.87,1.87,1.03,111.93
17,0.0,32,1.44,3.22,2.73,0.77,108.61
17,0.0,33,1.56,1.40,3.03,0.71,104.53
17,0.0,34,1.57,1.92,2.03,2.31,101.18
17,0.0,35,1.38,1.34,4.14,1.90,97.26
17,0.0,36,1.18,1.48,5.99,2.16,92.88
17,0.0,37,1.53,2.32,4.43,3.45,87.48
17,0.0,38,1.93,2.38,2.98,1.80,81.61
17,0.0,39,2.36,2.48,2.90,1.60,77.07
17,0.0,40,1.81,3.30,2.17,2.18,72.40
17,0.0,41,3.86,5.38,3.39,1.94,67.67
17,0.0,42,4.15,4.69,1.93,4.16,60.38
17,0.0,43,2.42,3.20,2.57,3.32,52.92
17,0.0,44,1.84,2.76,2.31,1.98,47.16
17,0.0,45,0.79,2.89,1.26,1.05,42.72
17,0.0,46,0.93,1.65,1.09,1.03,39.72
17,0.0,47,0.83,1.67,2.51,0.79,37.37
17,0.0,48,1.98,2.10,2.18,1.12,34.47
17,0.0,49,1.49,1.81,1.40,1.54,30.78
17,0.0,50,1.33,1.52,1.26,1.70,27.66
17,0.0,51,2.07,1.57,1.52,1.22,24.76
17,0.0,52,1.37,1.24,1.22,0.84,21.57
17,0.0,53,NA,NA,1.36,1.88,19.23
17,0.0,54,NA,NA,1.59,1.82,15.99
17,0.0,55,NA,NA,NA,1.42,12.58
17,0.0,56,NA,NA,NA,1.32,9.74
17,0.0,57,NA,NA,NA,3.55,7.10
17,0.3,1,2.77,0.77,1.65,1.28,192.35
17,0.3,2,2.97,0.83,0.90,0.95,189.12
17,0.3,3,2.83,0.79,1.30,1.27,186.29
17,0.3,4,4.67,0.69,1.16,1.18,183.20
17,0.3,5,4.52,0.74,1.37,1.47,179.35
17,0.3,6,5.02,1.56,3.01,1.35,175.30
17,0.3,7,1.64,1.48,1.50,1.57,169.83
17,0.3,8,1.96,1.14,3.37,1.32,166.73
17,0.3,9,3.97,0.80,2.29,0.96,162.84
17,0.3,10,3.30,1.13,1.44,1.11,158.83
17,0.3,11,4.08,1.29,1.34,1.53,155.34
17,0.3,12,3.48,2.09,1.41,0.99,151.22
17,0.3,13,3.94,1.71,0.97,1.32,147.23
17,0.3,14,5.31,6.69,1.22,2.24,143.26
17,0.3,15,6.30,3.85,0.73,1.37,135.53
17,0.3,16,4.73,3.63,0.74,1.02,129.41
17,0.3,17,5.21,1.19,0.91,1.48,124.35
17,0.3,18,3.18,0.84,1.30,1.03,119.95
17,0.3,19,3.20,0.73,1.28,1.63,116.78
17,0.3,20,2.49,1.83,1.49,1.05,113.36
17,0.3,21,2.01,1.21,2.10,1.38,109.93
17,0.3,22,2.13,0.78,0.95,1.49,106.58
17,0.3,23,2.00,0.85,0.74,1.39,103.90
17,0.3,24,2.42,0.71,1.10,1.58,101.41
17,0.3,25,1.48,1.16,1.29,1.91,98.51
17,0.3,26,1.95,1.31,0.87,0.96,95.59
17,0.3,27,2.75,0.89,0.98,1.04,93.04
17,0.3,28,2.44,0.92,1.75,2.20,90.21
17,0.3,29,0.72,1.00,0.81,0.60,86.56
17,0.3,30,0.78,1.73,1.48,1.92,84.99
17,0.3,31,0.34,1.75,2.15,1.43,82.04
17,0.3,32,0.27,1.50,2.41,1.53,79.20
17,0.3,33,0.35,1.38,2.61,1.26,76.35
17,0.3,34,0.62,1.32,1.99,0.96,73.55
17,0.3,35,1.49,0.91,2.12,0.80,71.10
17,0.3,36,2.21,2.49,1.79,1.26,68.44
17,0.3,37,2.87,3.38,1.90,2.10,64.57
17,0.3,38,2.47,1.84,2.43,2.16,59.44
17,0.3,39,3.33,2.99,3.66,3.36,54.99
17,0.3,40,2.36,1.74,2.92,2.46,48.32
17,0.3,41,2.19,2.43,1.94,2.52,43.58
17,0.3,42,1.49,0.75,0.67,1.67,39.04
17,0.3,43,0.82,0.72,1.00,0.52,36.75
17,0.3,44,1.71,0.91,2.21,1.28,35.22
17,0.3,45,1.18,1.13,1.42,0.73,32.17
17,0.3,46,1.63,1.68,1.54,1.45,29.94
17,0.3,47,2.03,1.32,2.50,2.62,26.79
17,0.3,48,2.11,1.55,1.27,1.44,22.55
17,0.3,49,1.74,1.36,1.47,1.29,19.37
17,0.3,50,1.00,1.21,1.58,1.18,16.44
17,0.3,51,1.12,0.98,1.17,1.25,13.95
17,0.3,52,1.65,2.07,1.77,1.46,11.69
17,0.3,53,1.02,1.50,1.23,1.18,8.22
17,0.3,54,1.80,2.05,2.19,1.20,5.75
17,0.3,55,1.03,1.04,1.29,0.90,2.13
17,1.3,1,1.33,3.44,1.02,1.13,161.55
17,1.3,2,2.60,2.64,0.60,1.34,158.09
17,1.3,3,1.30,2.00,0.86,0.83,154.50
17,1.3,4,1.72,3.59,0.57,1.19,152.00
17,1.3,5,1.89,2.30,0.62,1.72,148.47
17,1.3,6,1.87,2.39,0.41,1.08,145.20
17,1.3,7,1.73,4.02,0.49,1.13,142.33
17,1.3,8,1.68,1.87,0.46,2.02,138.64
17,1.3,9,1.00,2.81,0.35,1.14,135.63
17,1.3,10,1.90,1.81,0.44,1.33,132.98
17,1.3,11,4.36,5.72,0.58,1.07,130.24
17,1.3,12,4.32,4.84,0.52,0.63,124.37
17,1.3,13,5.51,2.82,0.55,0.64,119.22
17,1.3,14,3.62,2.94,0.38,1.27,114.46
17,1.3,15,4.74,5.28,0.74,0.68,110.35
17,1.3,16,6.51,4.02,2.35,1.54,104.63
17,1.3,17,2.94,1.89,2.35,1.83,97.42
17,1.3,18,2.61,1.77,1.14,1.45,92.92
17,1.3,19,1.75,0.59,1.09,1.17,89.43
17,1.3,20,0.97,0.29,0.67,1.23,87.13
17,1.3,21,1.56,0.40,1.02,0.81,85.55
17,1.3,22,0.81,0.36,0.51,0.72,83.66
17,1.3,23,0.91,0.40,0.50,0.91,82.46
17,1.3,24,1.15,0.43,0.78,0.46,81.10
17,1.3,25,1.76,0.55,0.78,0.45,79.69
17,1.3,26,0.98,0.32,0.81,1.03,77.92
17,1.3,27,2.14,0.45,1.00,0.49,76.35
17,1.3,28,1.70,0.87,0.75,1.17,74.31
17,1.3,29,0.89,1.76,0.98,1.16,72.06
17,1.3,30,0.99,1.37,0.59,1.12,69.67
17,1.3,31,0.74,1.48,0.81,0.76,67.63
17,1.3,32,1.12,2.39,0.60,0.58,65.74
17,1.3,33,0.95,2.63,0.74,0.67,63.39
17,1.3,34,1.02,1.28,0.89,0.92,60.90
17,1.3,35,1.37,1.08,1.21,1.11,58.84
17,1.3,36,2.39,1.63,3.04,2.35,56.46
17,1.3,37,1.75,2.29,1.25,3.36,51.75
17,1.3,38,1.60,1.98,2.37,2.36,47.43
17,1.3,39,2.70,3.61,1.03,3.14,43.27
17,1.3,40,1.99,2.17,1.14,2.15,38.03
17,1.3,41,1.75,2.25,2.19,2.32,34.31
17,1.3,42,0.88,1.32,1.44,1.77,30.05
17,1.3,43,0.48,1.80,0.87,0.94,27.35
17,1.3,44,1.14,1.94,1.38,1.10,25.30
17,1.3,45,0.99,1.38,1.55,1.32,22.52
17,1.3,46,1.22,1.90,1.92,1.65,19.90
17,1.3,47,1.59,0.95,1.97,1.48,16.56
17,1.3,48,1.52,1.95,1.44,1.74,13.56
17,1.3,49,2.05,2.18,1.92,2.71,10.24
17,1.3,50,1.87,1.74,1.39,1.10,5.81
17,1.3,51,1.27,1.42,1.29,1.53,2.76
17,2.3,1,0.79,1.66,2.74,1.60,145.56
17,2.3,2,0.57,1.62,1.45,0.71,142.16
17,2.3,3,0.79,3.41,1.24,0.76,139.99
17,2.3,4,0.67,3.47,2.63,1.31,136.89
17,2.3,5,1.37,0.96,2.83,1.83,132.85
17,2.3,6,0.65,1.32,3.12,0.81,129.35
17,2.3,7,0.69,1.66,3.76,0.63,126.40
17,2.3,8,0.94,1.66,2.06,0.62,123.03
17,2.3,9,0.96,2.33,1.56,0.48,120.39
17,2.3,10,0.43,1.25,1.75,0.81,117.73
17,2.3,11,0.79,2.02,0.97,0.51,115.61
17,2.3,12,2.03,2.32,1.68,0.68,113.46
17,2.3,13,1.04,1.34,1.71,1.06,110.11
17,2.3,14,1.85,0.76,1.12,1.58,107.53
17,2.3,15,0.65,0.68,1.18,0.79,104.88
17,2.3,16,1.05,0.56,0.95,1.16,103.23
17,2.3,17,0.70,1.21,1.56,1.59,101.37
17,2.3,18,0.75,0.73,1.28,1.44,98.84
17,2.3,19,0.71,2.42,2.24,2.47,96.74
17,2.3,20,0.64,0.95,0.70,2.35,92.82
17,2.3,21,0.88,1.87,0.73,1.74,90.50
17,2.3,22,2.06,1.19,0.86,1.40,87.89
17,2.3,23,1.46,0.65,0.64,1.12,85.13
17,2.3,24,1.88,1.16,0.43,1.04,83.20
17,2.3,25,2.41,0.71,0.55,1.21,80.94
17,2.3,26,4.51,0.35,0.36,1.74,78.50
17,2.3,27,3.04,0.42,0.50,1.19,75.02
17,2.3,28,7.82,0.59,0.50,1.63,72.45
17,2.3,29,3.34,0.38,0.34,1.80,67.18
17,2.3,30,2.33,0.28,0.30,1.20,64.25
17,2.3,31,2.54,0.33,0.17,1.62,62.19
17,2.3,32,1.87,0.40,0.20,1.85,59.86
17,2.3,33,4.07,0.41,0.52,0.86,57.70
17,2.3,34,2.23,0.28,0.48,0.55,54.77
17,2.3,35,2.73,0.30,0.38,0.66,53.00
17,2.3,36,2.11,2.23,1.08,1.90,50.97
17,2.3,37,2.23,0.96,2.41,3.70,47.31
17,2.3,38,2.18,1.49,3.40,4.89,42.66
17,2.3,39,3.86,2.76,3.59,3.58,36.68
17,2.3,40,1.79,1.16,2.50,2.00,29.78
17,2.3,41,2.03,1.76,1.85,1.81,26.06
17,2.3,42,2.05,1.38,1.56,1.94,22.33
17,2.3,43,1.52,0.76,1.15,1.08,18.87
17,2.3,44,1.10,0.91,1.52,1.02,16.61
17,2.3,45,1.43,1.55,1.25,1.00,14.34
17,2.3,46,1.32,1.35,1.78,1.68,11.72
17,2.3,47,1.56,1.71,1.72,1.94,8.66
17,2.3,48,1.69,1.83,1.36,1.68,5.19
17,2.3,49,1.28,0.80,0.84,0.90,1.91
17,3.3,1,2.50,1.44,2.24,0.76,129.72
17,3.3,2,2.29,0.88,1.36,1.15,126.25
17,3.3,3,1.70,1.11,1.66,0.52,123.41
17,3.3,4,3.00,1.48,2.13,1.21,120.92
17,3.3,5,3.24,1.92,1.17,1.03,117.01
17,3.3,6,2.92,0.65,1.28,1.34,113.33
17,3.3,7,5.82,0.87,0.75,1.06,110.23
17,3.3,8,2.51,1.15,1.84,1.04,105.98
17,3.3,9,3.07,2.80,1.50,0.66,102.71
17,3.3,10,2.60,0.54,0.81,0.39,98.70
17,3.3,11,2.45,2.26,1.26,0.49,96.53
17,3.3,12,3.56,1.43,0.83,0.74,93.30
17,3.3,13,3.37,2.78,1.02,0.71,90.02
17,3.3,14,3.43,1.55,0.81,1.03,86.08
17,3.3,15,3.04,1.59,1.16,1.18,82.67
17,3.3,16,1.88,1.47,0.53,0.93,79.18
17,3.3,17,1.38,2.01,0.82,0.61,76.78
17,3.3,18,3.08,4.51,1.51,1.84,74.37
17,3.3,19,2.83,3.62,1.01,1.61,68.90
17,3.3,20,2.08,2.82,0.99,1.52,64.36
17,3.3,21,1.44,1.86,1.34,0.77,60.66
17,3.3,22,0.37,0.65,0.31,0.22,57.95
17,3.3,23,0.80,0.53,0.52,0.74,57.18
17,3.3,24,0.72,1.86,0.79,0.47,55.88
17,3.3,25,0.94,1.61,0.63,0.53,53.96
17,3.3,26,1.07,2.11,0.79,0.61,52.11
17,3.3,27,0.69,1.13,0.45,0.47,49.82
17,3.3,28,0.86,1.24,0.88,0.56,48.45
17,3.3,29,0.76,1.59,0.30,0.76,46.68
17,3.3,30,0.69,1.03,0.41,0.39,44.97
17,3.3,31,0.77,1.31,0.88,0.29,43.71
17,3.3,32,0.71,1.45,0.65,0.45,42.09
17,3.3,33,0.28,2.04,0.55,0.44,40.46
17,3.3,34,0.73,2.13,0.54,0.28,38.80
17,3.3,35,1.12,2.45,2.31,1.33,36.96
17,3.3,36,1.20,1.19,1.33,1.35,33.36
17,3.3,37,2.18,1.72,2.31,2.13,30.82
17,3.3,38,1.88,2.24,2.49,1.64,26.65
17,3.3,39,1.59,1.73,2.37,1.38,22.53
17,3.3,40,2.27,2.16,2.87,1.60,18.99
17,3.3,41,0.86,1.18,0.75,0.56,14.54
17,3.3,42,1.24,0.95,1.11,0.90,12.87
17,3.3,43,1.09,0.86,1.20,0.98,10.77
17,3.3,44,0.85,1.03,1.53,0.94,8.70
17,3.3,45,1.32,1.45,1.49,1.73,6.53
17,3.3,46,0.87,0.75,1.12,0.93,3.53
17,3.3,47,1.00,0.81,0.95,0.63,1.70
17,4.3,1,3.42,1.50,0.58,1.12,130.22
17,4.3,2,3.72,2.06,0.76,1.42,126.91
17,4.3,3,2.85,1.12,0.95,0.84,122.93
17,4.3,4,3.25,1.64,0.80,0.94,120.05
17,4.3,5,4.46,1.59,0.76,1.17,116.73
17,4.3,6,3.65,1.41,0.63,1.20,112.74
17,4.3,7,1.97,1.09,0.61,0.92,109.30
17,4.3,8,3.82,1.14,1.10,1.16,107.00
17,4.3,9,3.03,1.55,2.14,1.49,103.39
17,4.3,10,4.89,1.93,0.98,1.21,99.29
17,4.3,11,6.01,1.81,0.98,2.77,94.78
17,4.3,12,3.45,1.94,1.00,1.97,89.00
17,4.3,13,4.60,1.47,0.81,2.77,84.82
17,4.3,14,3.21,1.35,0.73,1.67,79.99
17,4.3,15,5.33,2.18,1.77,2.52,76.51
17,4.3,16,1.50,1.01,0.57,1.22,70.61
17,4.3,17,2.24,0.91,0.49,1.22,68.46
17,4.3,18,4.51,1.86,1.16,1.64,66.03
17,4.3,19,4.75,1.62,1.34,1.42,61.45
17,4.3,20,3.73,1.93,1.04,1.77,56.88
17,4.3,21,1.61,0.87,1.04,1.39,52.65
17,4.3,22,1.37,1.10,0.82,1.35,50.19
17,4.3,23,1.60,0.71,0.94,0.68,47.87
17,4.3,24,1.28,0.75,0.72,0.93,45.91
17,4.3,25,1.20,1.34,0.75,0.59,44.07
17,4.3,26,2.01,1.59,1.49,0.68,42.13
17,4.3,27,0.99,0.63,0.81,0.82,39.24
17,4.3,28,1.28,1.53,1.14,0.61,37.62
17,4.3,29,1.23,1.14,1.26,1.15,35.34
17,4.3,30,1.17,1.22,1.36,1.16,32.95
17,4.3,31,1.29,1.54,1.19,1.38,30.49
17,4.3,32,1.14,1.43,1.12,1.49,27.79
17,4.3,33,0.97,1.32,1.30,1.22,25.20
17,4.3,34,1.26,1.33,1.36,1.16,22.80
17,4.3,35,1.17,1.55,1.79,1.24,20.24
17,4.3,36,0.79,1.18,0.98,0.87,17.37
17,4.3,37,0.85,1.21,0.87,1.18,15.46
17,4.3,38,0.98,0.88,0.64,0.82,13.40
17,4.3,39,1.15,0.64,1.09,1.31,11.74
17,4.3,40,1.26,0.95,1.48,1.14,9.65
17,4.3,41,1.08,1.18,0.89,1.27,7.23
17,4.3,42,1.07,1.26,1.18,1.44,5.02
17,4.3,43,1.32,1.19,1.42,1.16,2.55
17,5.3,1,2.04,2.65,1.67,0.69,111.64
17,5.3,2,2.58,2.07,1.54,0.95,108.11
17,5.3,3,2.05,2.01,1.62,1.06,104.54
17,5.3,4,3.09,2.46,1.68,0.79,101.17
17,5.3,5,1.25,2.24,1.40,1.40,97.16
17,5.3,6,1.92,4.14,2.90,1.62,94.02
17,5.3,7,4.11,3.26,2.63,2.04,88.73
17,5.3,8,1.32,2.35,1.14,0.96,82.71
17,5.3,9,2.06,2.97,1.34,1.51,79.82
17,5.3,10,0.92,1.28,0.82,1.00,75.88
17,5.3,11,1.76,2.32,3.20,2.30,73.87
17,5.3,12,1.87,2.49,1.94,1.53,69.08
17,5.3,13,1.55,2.54,2.40,1.50,65.17
17,5.3,14,1.01,1.40,2.03,2.27,61.17
17,5.3,15,1.21,1.77,2.63,1.53,57.82
17,5.3,16,0.91,1.48,1.58,0.94,54.25
17,5.3,17,0.82,1.32,1.39,1.09,51.79
17,5.3,18,2.15,2.40,2.14,1.92,49.48
17,5.3,19,0.98,1.97,1.47,0.86,45.18
17,5.3,20,1.01,2.22,1.81,1.67,42.54
17,5.3,21,1.45,1.34,0.77,0.80,39.18
17,5.3,22,0.67,0.96,0.54,0.61,37.00
17,5.3,23,0.70,1.06,0.30,0.76,35.61
17,5.3,24,0.96,0.87,0.50,0.79,34.20
17,5.3,25,0.78,1.19,0.98,1.15,32.64
17,5.3,26,0.75,0.72,1.46,1.56,30.59
17,5.3,27,1.03,0.91,0.72,0.96,28.35
17,5.3,28,1.36,1.37,0.51,1.02,26.54
17,5.3,29,0.96,1.02,0.92,0.97,24.41
17,5.3,30,1.10,1.03,0.82,1.20,22.47
17,5.3,31,1.03,1.05,0.84,1.08,20.40
17,5.3,32,1.03,1.19,1.02,1.22,18.40
17,5.3,33,1.47,1.13,1.16,1.34,16.17
17,5.3,34,1.41,1.09,1.34,1.20,13.62
17,5.3,35,0.84,0.60,0.93,0.94,11.10
17,5.3,36,0.69,0.50,1.18,1.00,9.44
17,5.3,37,1.25,1.80,1.13,1.48,7.76
17,5.3,38,1.30,1.10,1.46,0.79,4.93
17,5.3,39,1.18,1.34,1.39,1.29,2.60
17,6.3,1,1.95,1.78,1.27,1.47,104.47
17,6.3,2,1.39,2.47,1.14,1.17,101.24
17,6.3,3,2.22,1.96,1.17,1.10,98.15
17,6.3,4,2.56,3.53,1.50,2.34,94.93
17,6.3,5,2.08,5.15,1.86,0.76,89.96
17,6.3,6,2.18,4.02,2.79,0.69,85.04
17,6.3,7,0.95,1.90,2.08,0.81,80.20
17,6.3,8,2.79,3.90,1.13,0.78,77.33
17,6.3,9,1.23,3.46,1.31,1.67,73.03
17,6.3,10,1.39,6.89,2.91,0.83,69.19
17,6.3,11,1.29,2.85,3.06,1.09,63.18
17,6.3,12,1.50,2.34,5.70,1.38,59.04
17,6.3,13,0.76,0.96,4.02,1.45,53.58
17,6.3,14,1.15,2.21,4.58,1.26,49.98
17,6.3,15,0.58,0.99,1.23,0.59,45.38
17,6.3,16,0.66,1.44,1.19,0.55,43.69
17,6.3,17,1.06,2.36,2.24,1.14,41.77
17,6.3,18,1.26,2.38,2.09,1.27,38.37
17,6.3,19,1.43,2.56,3.91,1.45,34.87
17,6.3,20,1.34,1.59,2.43,1.64,30.19
17,6.3,21,1.19,1.11,1.06,0.93,26.69
17,6.3,22,0.95,1.05,1.01,1.05,24.55
17,6.3,23,1.04,1.28,0.86,1.11,22.52
17,6.3,24,0.90,0.85,0.98,0.86,20.37
17,6.3,25,0.61,0.91,0.92,0.93,18.58
17,6.3,26,1.30,1.24,1.16,0.75,16.89
17,6.3,27,1.23,0.68,0.69,0.60,14.67
17,6.3,28,0.94,0.96,1.11,0.85,13.07
17,6.3,29,0.97,0.64,0.91,1.10,11.14
17,6.3,30,1.41,0.76,1.00,1.06,9.33
17,6.3,31,1.50,1.05,1.47,0.96,7.21
17,6.3,32,0.97,1.13,1.00,2.16,4.72
17,6.3,33,0.82,1.60,0.99,0.77,2.09
17,7.3,1,1.91,0.81,2.52,NA,94.80
17,7.3,2,1.24,0.54,1.83,NA,91.31
17,7.3,3,1.68,0.65,3.20,NA,88.90
17,7.3,4,3.07,1.17,3.18,NA,85.21
17,7.3,5,1.81,1.17,3.72,NA,80.27
17,7.3,6,3.11,1.24,4.27,NA,75.80
17,7.3,7,3.91,1.23,2.40,NA,70.05
17,7.3,8,2.29,1.83,4.70,NA,65.03
17,7.3,9,2.18,1.64,2.72,NA,59.15
17,7.3,10,1.17,1.13,3.09,NA,54.79
17,7.3,11,1.19,1.35,0.98,NA,51.19
17,7.3,12,2.27,1.08,2.47,NA,48.85
17,7.3,13,1.12,1.82,1.98,NA,44.97
17,7.3,14,1.22,1.75,2.13,NA,41.69
17,7.3,15,0.83,1.06,1.11,NA,38.29
17,7.3,16,1.58,1.31,1.78,NA,36.29
17,7.3,17,0.55,0.97,1.08,NA,33.17
17,7.3,18,1.29,1.27,1.05,NA,31.44
17,7.3,19,1.35,0.84,0.99,NA,29.03
17,7.3,20,2.91,1.71,1.97,NA,26.91
17,7.3,21,1.29,0.91,0.53,NA,22.52
17,7.3,22,0.83,1.14,1.44,NA,20.70
17,7.3,23,1.00,1.22,1.18,NA,18.43
17,7.3,24,1.16,1.86,1.35,NA,16.16
17,7.3,25,1.00,1.29,1.15,NA,13.25
17,7.3,26,1.23,1.43,1.04,NA,10.95
17,7.3,27,1.01,1.84,1.23,NA,8.49
17,7.3,28,1.36,1.22,1.28,NA,5.77
17,7.3,29,1.89,1.74,1.16,NA,3.19
17,8.3,1,1.34,2.64,0.86,1.49,74.72
17,8.3,2,2.46,1.96,1.23,1.88,71.55
17,8.3,3,2.02,3.08,3.47,1.39,67.79
17,8.3,4,2.91,3.81,3.27,2.68,62.81
17,8.3,5,2.50,2.48,1.27,2.20,56.47
17,8.3,6,3.05,3.06,1.57,3.20,52.25
17,8.3,7,2.77,3.13,2.61,2.35,46.81
17,8.3,8,2.63,3.21,1.80,2.81,41.38
17,8.3,9,1.84,1.37,1.18,1.71,36.15
17,8.3,10,2.11,2.00,1.73,1.74,33.10
17,8.3,11,2.26,2.41,1.84,1.85,29.31
17,8.3,12,2.10,0.85,1.42,1.21,25.13
17,8.3,13,1.64,0.93,1.03,1.06,22.34
17,8.3,14,1.85,1.06,1.56,0.99,20.01
17,8.3,15,0.86,1.27,0.96,1.02,17.28
17,8.3,16,2.49,0.66,0.60,1.50,15.23
17,8.3,17,0.49,0.48,0.54,0.85,12.60
17,8.3,18,0.68,0.50,0.26,0.64,11.42
17,8.3,19,1.08,0.47,0.98,0.43,10.38
17,8.3,20,0.57,0.89,0.87,0.80,8.90
17,8.3,21,1.13,0.83,0.92,0.98,7.34
17,8.3,22,1.54,0.89,0.72,1.09,5.41
17,8.3,23,0.95,0.54,0.73,1.06,3.29
17,8.3,24,0.97,0.99,0.63,0.70,1.65
17,9.3,1,0.81,0.51,0.60,0.82,35.35
17,9.3,2,1.04,0.50,0.64,0.93,33.98
17,9.3,3,0.97,0.54,0.43,0.57,32.43
17,9.3,4,1.38,0.61,0.62,0.85,31.17
17,9.3,5,1.25,0.91,0.43,0.92,29.44
17,9.3,6,1.55,0.98,1.06,0.66,27.69
17,9.3,7,1.93,2.06,1.58,1.80,25.56
17,9.3,8,1.29,1.19,1.09,1.09,21.88
17,9.3,9,1.97,1.74,1.70,1.10,19.55
17,9.3,10,0.75,0.57,0.79,1.32,16.29
17,9.3,11,0.97,1.44,1.27,1.52,14.58
17,9.3,12,1.00,1.10,1.40,1.10,11.98
17,9.3,13,1.14,1.03,0.99,1.01,9.68
17,9.3,14,1.10,1.07,1.22,1.12,7.59
17,9.3,15,0.95,1.29,1.41,1.41,5.34
17,9.3,16,0.99,1.04,0.92,0.92,2.81
17,9.3,17,0.35,0.44,0.51,0.44,0.87
17,10.3,1,0.60,1.14,0.94,1.72,26.30
17,10.3,2,2.27,1.51,1.00,0.96,24.10
17,10.3,3,1.12,1.59,1.24,0.98,21.23
17,10.3,4,1.34,1.37,1.03,1.11,18.76
17,10.3,5,2.66,1.32,1.32,1.15,16.34
17,10.3,6,1.15,1.98,1.48,1.21,13.11
17,10.3,7,1.80,1.22,1.56,1.00,10.20
17,10.3,8,1.30,0.75,1.17,1.26,7.41
17,10.3,9,1.17,1.05,0.76,1.02,5.17
17,10.3,10,1.14,1.44,1.31,0.80,3.17
17,10.3,11,0.19,0.57,0.54,0.35,0.83
17,11.3,1,1.05,0.92,0.80,1.01,9.47
17,11.3,2,0.94,0.88,0.93,1.12,7.58
17,11.3,3,1.40,1.42,0.92,1.36,5.65
17,11.3,4,0.61,0.69,1.18,1.09,3.10
17,11.3,5,0.60,0.62,0.71,0.69,1.31
18,0.0,1,3.83,4.16,2.95,2.57,69.31
18,0.0,2,2.25,2.52,4.36,3.65,62.56
18,0.0,3,2.81,2.91,2.49,2.05,56.17
18,0.0,4,1.02,1.34,1.70,2.01,51.04
18,0.0,5,0.65,1.03,1.54,1.45,48.00
18,0.0,6,0.73,0.49,1.58,0.88,45.67
18,0.0,7,0.64,0.64,0.92,1.02,43.83
18,0.0,8,1.13,0.76,0.52,0.75,42.22
18,0.0,9,3.01,0.74,0.90,0.91,40.64
18,0.0,10,1.31,0.62,2.54,1.15,37.86
18,0.0,11,1.36,0.92,1.76,1.47,35.05
18,0.0,12,1.90,0.69,1.90,1.56,32.29
18,0.0,13,1.50,1.94,2.21,1.56,29.27
18,0.0,14,1.74,2.25,1.91,1.37,25.66
18,0.0,15,1.68,1.32,1.71,1.88,22.03
18,0.0,16,1.14,1.51,1.40,1.25,18.73
18,0.0,17,2.36,1.40,1.24,1.58,16.08
18,0.0,18,2.86,1.65,1.95,3.79,12.79
18,0.0,19,0.99,1.63,1.80,1.16,7.67
18,0.0,20,1.29,1.20,0.98,1.38,4.88
18,0.0,21,0.89,1.42,1.25,1.34,2.45
18,0.3,1,2.01,2.81,1.49,1.20,54.30
18,0.3,2,1.73,2.06,0.61,0.95,50.55
18,0.3,3,1.85,1.73,1.38,0.88,47.87
18,0.3,4,1.65,3.18,1.04,0.84,44.95
18,0.3,5,1.29,2.16,0.65,0.85,41.60
18,0.3,6,1.66,0.82,0.59,0.41,39.12
18,0.3,7,1.54,0.81,0.68,0.54,37.38
18,0.3,8,0.76,0.56,0.88,0.99,35.60
18,0.3,9,1.12,0.83,0.55,0.57,34.00
18,0.3,10,1.09,0.78,0.66,0.85,32.47
18,0.3,11,1.41,0.71,1.37,0.80,30.78
18,0.3,12,1.52,1.39,1.35,1.27,28.63
18,0.3,13,1.02,1.65,1.71,1.19,25.87
18,0.3,14,1.75,1.94,1.33,1.58,23.08
18,0.3,15,1.48,1.66,1.74,1.63,19.78
18,0.3,16,1.14,1.30,1.37,1.05,16.53
18,0.3,17,1.24,1.49,1.24,1.38,14.10
18,0.3,18,1.90,1.75,1.95,1.99,11.42
18,0.3,19,1.84,1.49,1.45,1.27,7.63
18,0.3,20,1.62,1.46,1.39,1.88,4.60
18,0.3,21,0.78,0.73,0.70,0.64,1.43
18,0.8,1,2.37,1.31,2.43,1.68,47.31
18,0.8,2,2.86,2.31,1.47,1.60,43.41
18,0.8,3,1.88,1.36,0.89,1.34,39.29
18,0.8,4,1.01,0.71,0.77,0.57,36.56
18,0.8,5,1.07,0.34,0.59,0.69,35.03
18,0.8,6,0.75,0.50,0.50,0.71,33.68
18,0.8,7,0.83,0.43,0.72,0.74,32.45
18,0.8,8,0.82,0.59,0.42,0.72,31.09
18,0.8,9,1.50,1.87,0.86,0.87,29.82
18,0.8,10,1.50,0.81,0.72,1.65,27.27
18,0.8,11,0.85,0.91,1.99,1.88,24.93
18,0.8,12,1.79,2.37,1.72,1.72,22.11
18,0.8,13,1.39,1.56,1.16,1.28,18.31
18,0.8,14,1.46,1.04,1.37,1.33,15.62
18,0.8,15,1.55,1.09,1.28,1.13,13.02
18,0.8,16,1.00,1.07,1.01,1.27,10.49
18,0.8,17,1.73,1.45,1.37,2.28,8.32
18,0.8,18,1.39,1.24,1.84,1.49,4.90
18,0.8,19,1.14,0.62,0.92,1.16,1.92
18,1.3,1,2.94,0.75,1.55,1.76,46.24
18,1.3,2,2.75,0.79,1.87,3.09,42.74
18,1.3,3,0.47,0.85,1.70,2.00,38.49
18,1.3,4,0.42,0.96,1.44,0.86,35.98
18,1.3,5,0.41,0.58,0.46,0.69,34.14
18,1.3,6,0.65,0.57,0.35,0.54,33.07
18,1.3,7,0.85,0.91,1.39,1.43,32.02
18,1.3,8,0.78,0.77,0.75,0.81,29.73
18,1.3,9,0.67,0.83,0.61,0.89,28.17
18,1.3,10,2.00,0.50,0.40,1.00,26.67
18,1.3,11,2.06,0.87,0.58,1.43,24.72
18,1.3,12,1.64,1.36,1.33,1.99,22.25
18,1.3,13,1.57,1.46,2.14,1.22,19.09
18,1.3,14,2.22,1.85,1.94,1.71,15.90
18,1.3,15,1.47,1.09,1.37,1.21,12.04
18,1.3,16,1.38,1.60,1.33,1.22,9.47
18,1.3,17,1.96,2.40,1.20,1.54,6.70
18,1.3,18,1.58,1.63,1.63,1.46,3.15
18,1.8,1,1.52,1.40,1.07,1.49,42.47
18,1.8,2,2.20,1.31,1.33,1.52,39.73
18,1.8,3,0.94,1.04,1.82,0.99,36.55
18,1.8,4,1.37,0.82,1.20,0.82,34.16
18,1.8,5,0.63,0.81,1.95,0.75,32.05
18,1.8,6,0.79,0.86,1.23,0.57,29.98
18,1.8,7,1.18,0.69,1.74,0.95,28.26
18,1.8,8,0.94,0.76,1.04,0.82,25.98
18,1.8,9,1.39,1.39,0.55,0.84,24.20
18,1.8,10,0.94,1.02,0.33,0.50,22.11
18,1.8,11,1.05,1.07,0.62,1.15,20.72
18,1.8,12,1.59,1.30,1.11,1.89,18.77
18,1.8,13,1.48,1.54,2.03,1.85,15.83
18,1.8,14,1.47,1.25,1.02,1.62,12.38
18,1.8,15,1.58,1.94,1.51,0.92,9.70
18,1.8,16,2.12,1.95,1.53,1.48,6.72
18,1.8,17,1.74,1.45,1.12,2.05,3.18
18,2.3,1,1.49,1.53,1.23,NA,42.79
18,2.3,2,1.72,1.35,2.39,NA,39.96
18,2.3,3,1.45,1.56,2.76,NA,36.32
18,2.3,4,0.89,1.42,1.40,NA,32.47
18,2.3,5,0.50,0.98,1.53,NA,30.00
18,2.3,6,0.72,1.22,1.18,NA,27.99
18,2.3,7,0.72,1.07,0.92,NA,25.91
18,2.3,8,0.65,1.33,0.74,NA,24.11
18,2.3,9,1.08,1.15,1.49,NA,22.29
18,2.3,10,1.03,1.04,1.58,NA,19.81
18,2.3,11,0.95,1.65,1.32,NA,17.38
18,2.3,12,0.91,1.41,1.45,NA,14.77
18,2.3,13,0.58,1.06,1.04,NA,12.25
18,2.3,14,1.39,0.90,0.62,NA,10.47
18,2.3,15,1.48,1.53,1.42,NA,8.53
18,2.3,16,1.18,1.19,1.44,NA,5.57
18,2.3,17,1.39,1.48,1.68,NA,3.03
18,2.8,1,1.14,0.47,1.17,1.73,30.47
18,2.8,2,1.71,0.79,0.82,1.08,28.21
18,2.8,3,1.60,1.43,0.70,1.39,26.01
18,2.8,4,1.06,0.79,0.42,0.58,23.45
18,2.8,5,1.36,0.50,0.41,0.62,22.03
18,2.8,6,0.73,0.49,0.36,0.80,20.58
18,2.8,7,1.61,0.82,0.41,0.67,19.39
18,2.8,8,0.61,0.53,0.86,0.61,17.64
18,2.8,9,0.70,0.81,0.74,0.75,16.33
18,2.8,10,0.98,1.53,1.22,1.04,14.83
18,2.8,11,0.58,0.60,0.98,0.54,12.45
18,2.8,12,0.87,0.96,0.95,0.94,11.10
18,2.8,13,1.19,1.06,1.42,1.44,9.24
18,2.8,14,1.20,1.46,1.69,1.46,6.68
18,2.8,15,0.90,0.91,1.09,1.16,3.78
18,2.8,16,0.79,0.80,0.96,0.94,1.75
18,3.3,1,0.79,1.40,0.81,0.72,28.06
18,3.3,2,1.33,1.49,1.23,1.29,26.20
18,3.3,3,1.12,1.89,1.50,0.79,23.53
18,3.3,4,0.36,0.73,1.08,0.55,20.88
18,3.3,5,0.72,0.41,0.74,0.54,19.52
18,3.3,6,0.46,0.73,0.54,0.39,18.31
18,3.3,7,0.71,1.39,0.89,0.48,17.25
18,3.3,8,1.08,1.10,0.97,0.79,15.52
18,3.3,9,1.05,1.28,1.22,0.88,13.55
18,3.3,10,0.58,0.61,0.77,0.71,11.33
18,3.3,11,0.67,0.83,0.46,0.64,10.00
18,3.3,12,0.74,0.76,1.10,0.91,8.70
18,3.3,13,1.08,1.24,0.76,0.85,6.94
18,3.3,14,0.72,0.74,0.77,0.81,4.98
18,3.3,15,0.89,0.70,1.12,1.05,3.46
18,3.3,16,0.68,0.86,0.82,0.79,1.58
18,3.8,1,0.99,0.52,0.59,0.64,23.22
18,3.8,2,1.09,1.11,0.61,0.80,21.85
18,3.8,3,0.63,0.68,0.39,0.45,20.04
18,3.8,4,0.51,0.78,0.48,0.35,18.97
18,3.8,5,1.16,1.19,0.65,0.67,17.91
18,3.8,6,1.20,1.14,0.92,0.78,16.07
18,3.8,7,0.73,1.08,0.54,0.53,14.05
18,3.8,8,0.61,0.66,0.49,0.48,12.61
18,3.8,9,0.87,0.67,0.75,0.64,11.49
18,3.8,10,0.68,0.64,0.72,0.72,10.03
18,3.8,11,0.79,0.47,0.86,0.90,8.65
18,3.8,12,0.72,0.62,0.79,0.40,7.14
18,3.8,13,0.54,0.60,0.83,0.44,5.87
18,3.8,14,1.10,0.98,1.15,1.32,4.67
18,3.8,15,1.02,1.27,1.19,1.30,2.39
18,4.3,1,0.67,0.51,0.72,0.56,21.85
18,4.3,2,0.96,1.99,1.56,0.91,20.62
18,4.3,3,1.35,0.82,1.19,1.12,17.91
18,4.3,4,1.18,1.13,1.20,0.76,15.67
18,4.3,5,1.08,1.12,0.80,0.78,13.54
18,4.3,6,0.90,1.09,0.65,0.83,11.65
18,4.3,7,0.77,1.11,0.62,0.69,9.91
18,4.3,8,1.15,1.43,1.12,1.16,8.32
18,4.3,9,0.66,0.70,0.89,0.60,5.89
18,4.3,10,0.70,0.44,0.68,0.77,4.46
18,4.3,11,0.85,0.59,0.63,0.60,3.17
18,4.3,12,0.86,0.96,0.87,0.97,1.83
18,4.8,1,0.72,0.55,0.92,0.45,15.24
18,4.8,2,0.88,0.66,0.70,0.72,13.92
18,4.8,3,0.73,0.72,0.84,1.04,12.44
18,4.8,4,0.52,0.96,0.62,0.76,10.78
18,4.8,5,0.46,0.48,0.84,0.76,9.35
18,4.8,6,1.00,0.88,0.89,1.04,8.08
18,4.8,7,0.86,0.56,0.80,0.97,6.17
18,4.8,8,0.76,0.65,0.82,0.79,4.58
18,4.8,9,0.51,0.77,0.62,0.66,3.07
18,4.8,10,0.75,0.82,1.01,0.99,1.79
18,5.3,1,0.8,0.9,0.8,0.8,5.4
18,5.3,2,0.6,0.7,1.0,1.0,3.7
18,5.3,3,1.1,1.1,0.9,1.0,2.1
18,5.8,1,NA,NA,NA,NA,NA
21,0.0,1,3.47,0.77,1.25,1.68,63.39
21,0.0,2,3.55,1.39,3.42,1.36,59.81
21,0.0,3,2.60,0.88,1.98,0.70,54.95
21,0.0,4,3.45,2.03,2.06,2.33,51.87
21,0.0,5,2.09,1.04,0.99,1.24,46.93
21,0.0,6,2.44,2.00,0.97,0.90,44.25
21,0.0,7,3.50,1.65,1.38,1.38,41.10
21,0.0,8,1.81,0.73,1.12,0.69,37.14
21,0.0,9,2.05,1.85,1.50,1.12,34.97
21,0.0,10,1.47,0.79,1.09,2.26,31.71
21,0.0,11,2.53,1.07,0.91,0.83,28.90
21,0.0,12,2.47,1.06,0.71,0.95,26.23
21,0.0,13,2.37,0.90,0.53,0.70,23.64
21,0.0,14,1.48,0.80,0.50,0.94,21.39
21,0.0,15,1.55,1.46,0.70,0.87,19.53
21,0.0,16,1.80,1.82,1.17,0.98,17.24
21,0.0,17,1.18,1.11,1.15,1.07,14.35
21,0.0,18,0.71,0.90,0.53,0.71,12.10
21,0.0,19,0.93,0.80,0.83,0.69,10.67
21,0.0,20,2.04,1.84,1.17,1.24,9.05
21,0.0,21,1.01,1.13,0.79,0.94,5.90
21,0.0,22,1.15,1.05,0.73,0.40,3.97
21,0.0,23,0.48,0.50,0.38,0.49,2.30
21,0.0,24,0.72,0.71,0.64,0.68,1.38
21,0.3,1,2.90,0.98,1.19,1.70,54.74
21,0.3,2,3.01,0.78,1.24,1.51,51.35
21,0.3,3,1.82,0.78,1.25,1.40,48.08
21,0.3,4,3.04,1.31,1.86,2.36,45.46
21,0.3,5,2.02,1.20,1.28,1.49,41.17
21,0.3,6,2.50,2.31,0.84,1.88,38.18
21,0.3,7,1.47,0.56,0.93,1.26,34.41
21,0.3,8,1.32,0.91,0.71,1.13,32.30
21,0.3,9,1.84,0.80,0.84,1.12,30.27
21,0.3,10,1.13,0.95,1.01,1.14,27.97
21,0.3,11,1.28,0.64,0.99,1.11,25.85
21,0.3,12,0.84,0.65,0.29,0.71,23.84
21,0.3,13,1.53,0.59,0.35,0.48,22.60
21,0.3,14,1.09,0.91,0.18,0.60,21.12
21,0.3,15,0.81,0.64,0.50,0.49,19.73
21,0.3,16,1.40,0.83,0.66,0.53,18.51
21,0.3,17,1.75,1.24,0.72,0.99,16.80
21,0.3,18,1.64,1.26,1.10,1.42,14.45
21,0.3,19,1.07,1.31,0.71,1.10,11.74
21,0.3,20,2.19,2.07,2.27,2.22,9.65
21,0.3,21,0.98,0.72,0.76,0.86,5.27
21,0.3,22,0.72,0.83,1.19,1.00,3.61
21,0.3,23,1.00,0.94,0.75,0.79,1.74
21,0.8,1,1.87,0.91,1.63,2.99,49.37
21,0.8,2,1.35,1.31,1.38,1.68,45.67
21,0.8,3,1.64,0.98,1.49,1.44,42.81
21,0.8,4,1.90,0.87,1.64,1.65,40.04
21,0.8,5,1.61,0.79,0.91,0.85,37.01
21,0.8,6,1.29,1.07,1.18,0.94,34.93
21,0.8,7,1.75,1.94,1.01,1.77,32.69
21,0.8,8,1.23,0.82,0.74,0.83,29.45
21,0.8,9,1.38,0.93,0.84,0.69,27.64
21,0.8,10,1.15,0.96,0.72,0.84,25.72
21,0.8,11,0.97,0.98,0.55,1.19,23.89
21,0.8,12,1.01,0.93,0.99,0.88,22.04
21,0.8,13,1.93,1.59,1.10,0.87,20.14
21,0.8,14,0.88,1.20,1.00,0.58,17.39
21,0.8,15,1.34,1.26,0.61,0.58,15.56
21,0.8,16,1.30,1.38,0.98,1.17,13.67
21,0.8,17,2.06,1.31,1.30,1.38,11.25
21,0.8,18,1.20,1.34,1.08,0.93,8.23
21,0.8,19,1.74,1.76,2.09,1.84,5.95
21,0.8,20,0.87,1.09,1.31,1.20,2.24
21,1.3,1,1.68,1.15,1.35,1.96,46.60
21,1.3,2,2.11,1.43,1.69,0.99,43.53
21,1.3,3,3.19,1.23,1.54,1.48,40.42
21,1.3,4,2.37,1.82,1.67,1.56,36.70
21,1.3,5,1.73,1.45,1.86,1.69,32.99
21,1.3,6,0.83,1.70,1.93,1.65,29.62
21,1.3,7,0.76,0.73,0.77,1.46,26.57
21,1.3,8,0.64,0.57,1.35,0.86,24.71
21,1.3,9,0.76,0.64,0.73,0.66,23.00
21,1.3,10,0.78,0.71,0.94,0.84,21.60
21,1.3,11,1.24,0.94,0.82,0.83,19.97
21,1.3,12,1.06,1.38,0.85,1.69,18.05
21,1.3,13,2.02,0.67,0.85,1.13,15.56
21,1.3,14,1.18,0.91,1.19,1.30,13.23
21,1.3,15,1.37,0.91,1.20,1.54,10.94
21,1.3,16,0.93,0.85,1.03,1.12,8.43
21,1.3,17,1.15,1.35,1.12,1.20,6.46
21,1.3,18,1.42,1.03,0.76,1.21,4.05
21,1.3,19,0.93,0.97,1.04,0.74,1.84
21,1.8,1,1.97,1.30,1.41,0.94,46.42
21,1.8,2,2.54,0.96,1.56,1.20,43.61
21,1.8,3,2.05,1.88,1.55,1.50,40.48
21,1.8,4,2.57,2.13,2.14,1.20,36.99
21,1.8,5,1.32,1.50,0.92,0.96,32.97
21,1.8,6,1.26,1.51,1.09,0.79,30.62
21,1.8,7,1.10,1.70,1.79,0.96,28.29
21,1.8,8,1.00,1.31,0.95,0.86,25.52
21,1.8,9,0.85,1.30,0.92,0.72,23.46
21,1.8,10,1.02,1.04,0.65,0.64,21.56
21,1.8,11,0.70,1.01,0.52,0.68,19.89
21,1.8,12,0.83,0.50,0.73,0.48,18.43
21,1.8,13,0.81,0.58,0.55,0.62,17.16
21,1.8,14,1.50,0.76,0.53,1.32,15.88
21,1.8,15,1.77,1.86,1.25,1.75,13.83
21,1.8,16,1.93,1.34,1.74,1.04,10.51
21,1.8,17,1.59,1.88,1.48,1.59,7.49
21,1.8,18,1.19,1.04,0.73,1.19,4.22
21,1.8,19,1.03,1.20,0.86,1.19,2.14
21,2.3,1,1.89,0.69,1.32,1.09,42.68
21,2.3,2,3.14,1.79,1.31,2.73,40.19
21,2.3,3,2.65,2.08,1.20,2.10,35.70
21,2.3,4,1.87,1.53,1.68,2.09,31.69
21,2.3,5,1.29,0.88,1.35,1.37,28.10
21,2.3,6,0.96,1.18,0.90,1.03,25.66
21,2.3,7,1.31,1.24,1.54,1.90,23.62
21,2.3,8,1.07,1.12,0.67,0.95,20.63
21,2.3,9,0.94,1.07,0.69,1.02,18.72
21,2.3,10,0.77,0.86,0.81,0.96,16.86
21,2.3,11,0.78,0.88,1.05,0.80,15.16
21,2.3,12,0.53,1.03,0.69,0.62,13.41
21,2.3,13,0.94,0.95,0.57,0.76,11.97
21,2.3,14,1.11,1.68,1.30,0.96,10.36
21,2.3,15,1.79,1.54,1.86,2.38,7.84
21,2.3,16,1.33,1.32,1.01,1.30,4.05
21,2.3,17,0.62,0.81,0.87,0.84,1.57
21,2.8,1,4.30,2.98,1.88,1.90,42.21
21,2.8,2,4.00,2.02,1.53,1.64,36.68
21,2.8,3,3.53,2.18,2.21,1.58,32.08
21,2.8,4,2.98,2.46,1.17,1.97,27.33
21,2.8,5,1.18,1.08,0.90,0.69,23.04
21,2.8,6,1.63,0.97,0.88,0.69,21.12
21,2.8,7,0.59,0.77,0.68,0.44,19.03
21,2.8,8,0.59,0.95,1.60,1.04,17.79
21,2.8,9,0.84,0.82,1.30,1.22,15.70
21,2.8,10,1.07,0.78,1.52,1.00,13.61
21,2.8,11,0.68,0.93,1.07,0.96,11.43
21,2.8,12,1.20,1.00,1.40,1.02,9.61
21,2.8,13,0.93,1.10,1.22,1.00,7.30
21,2.8,14,0.96,0.73,1.39,1.19,5.17
21,2.8,15,1.33,1.46,1.82,1.46,3.04
21,3.3,1,0.98,1.12,0.99,0.70,29.23
21,3.3,2,1.13,1.14,0.78,0.65,27.33
21,3.3,3,1.65,1.90,0.96,0.74,25.48
21,3.3,4,1.88,1.92,1.41,1.72,22.86
21,3.3,5,1.16,0.99,0.68,0.63,19.39
21,3.3,6,1.41,1.23,1.60,0.97,17.66
21,3.3,7,1.09,1.48,1.29,1.44,15.06
21,3.3,8,0.65,0.97,0.89,1.16,12.41
21,3.3,9,0.88,0.71,0.66,0.51,10.57
21,3.3,10,0.70,0.85,0.78,0.63,9.19
21,3.3,11,1.02,0.88,0.74,0.75,7.71
21,3.3,12,1.18,1.42,0.52,0.68,6.02
21,3.3,13,0.80,0.48,0.76,0.51,4.12
21,3.3,14,0.51,0.49,0.71,0.67,2.84
21,3.3,15,0.59,1.18,0.80,0.73,1.65
21,3.8,1,2.33,2.14,1.72,1.30,23.29
21,3.8,2,1.29,1.04,1.73,1.58,19.54
21,3.8,3,1.79,1.62,1.08,1.07,16.72
21,3.8,4,1.17,1.10,1.04,0.80,13.94
21,3.8,5,1.35,1.32,1.29,1.12,11.89
21,3.8,6,1.03,1.11,1.30,1.12,9.35
21,3.8,7,2.00,1.46,1.48,1.79,7.07
21,3.8,8,0.87,0.82,0.95,1.02,3.70
21,3.8,9,0.89,0.98,0.98,0.89,1.87
21,4.3,1,1.22,1.54,1.91,1.76,18.45
21,4.3,2,1.24,0.91,0.88,1.62,15.24
21,4.3,3,1.64,1.19,1.27,1.31,12.91
21,4.3,4,1.36,1.37,0.80,1.01,10.21
21,4.3,5,1.24,0.95,0.72,1.35,7.94
21,4.3,6,1.09,0.97,0.84,0.97,5.81
21,4.3,7,0.82,0.91,0.98,0.90,3.87
21,4.3,8,0.89,1.35,0.93,0.96,2.07
21,4.8,1,1.65,1.68,1.13,1.01,16.61
21,4.8,2,0.95,1.38,1.57,1.10,13.88
21,4.8,3,1.08,1.46,1.24,1.05,11.38
21,4.8,4,1.03,0.80,1.06,0.93,8.96
21,4.8,5,1.51,1.18,1.66,1.04,7.05
21,4.8,6,0.96,0.99,1.14,1.23,4.36
21,4.8,7,1.35,1.02,0.93,1.09,2.20
21,5.3,1,0.39,0.61,0.53,0.60,9.80
21,5.3,2,0.94,0.87,0.41,0.49,8.74
21,5.3,3,0.82,0.74,1.06,1.45,7.38
21,5.3,4,1.45,1.47,1.07,1.22,5.35
21,5.3,5,1.45,1.24,1.63,1.16,2.74
21,5.8,1,0.46,0.66,0.48,0.56,4.42
21,5.8,2,0.73,0.62,0.49,0.69,3.34
21,5.8,3,1.07,0.88,1.20,1.00,2.08
24,0.0,1,3.90,1.10,0.91,1.08,191.14
24,0.0,2,5.15,0.85,1.26,1.24,187.65
24,0.0,3,5.03,2.60,0.96,1.58,183.40
24,0.0,4,8.81,2.16,2.41,1.57,178.31
24,0.0,5,5.38,1.58,2.36,1.86,170.84
24,0.0,6,2.87,2.24,1.04,2.14,165.25
24,0.0,7,2.21,1.77,1.22,1.12,161.10
24,0.0,8,7.83,1.13,2.13,2.92,157.94
24,0.0,9,3.92,1.89,1.09,1.00,150.94
24,0.0,10,4.97,1.04,1.43,1.17,146.99
24,0.0,11,2.89,1.04,1.24,2.57,142.68
24,0.0,12,4.45,2.00,1.23,2.04,138.81
24,0.0,13,2.41,2.97,1.02,1.38,133.95
24,0.0,14,3.47,1.59,1.32,0.91,130.06
24,0.0,15,2.75,1.04,0.67,1.73,126.42
24,0.0,16,3.61,1.80,0.57,1.23,123.32
24,0.0,17,2.06,1.92,0.76,1.11,119.72
24,0.0,18,2.69,1.93,0.82,1.48,116.79
24,0.0,19,2.77,1.72,1.04,2.40,113.33
24,0.0,20,2.92,2.34,1.42,2.23,109.37
24,0.0,21,1.87,0.68,1.10,1.69,104.91
24,0.0,22,1.19,0.71,0.89,0.89,102.24
24,0.0,23,1.25,1.12,0.55,0.82,100.40
24,0.0,24,1.62,0.77,0.86,0.60,98.53
24,0.0,25,0.80,0.61,0.62,0.66,96.61
24,0.0,26,2.61,0.59,0.65,1.31,95.26
24,0.0,27,2.11,0.52,0.57,1.26,92.68
24,0.0,28,2.15,1.56,0.58,1.66,90.45
24,0.0,29,1.92,1.42,1.10,1.73,87.48
24,0.0,30,1.87,1.29,0.50,1.24,84.39
24,0.0,31,1.80,0.64,1.09,0.98,81.94
24,0.0,32,1.23,0.64,0.84,0.87,79.69
24,0.0,33,0.96,0.52,0.87,0.72,77.90
24,0.0,34,1.28,0.80,0.86,0.58,76.36
24,0.0,35,1.57,0.95,0.76,0.76,74.60
24,0.0,36,1.46,1.09,0.60,0.57,72.58
24,0.0,37,1.69,1.61,1.14,1.71,70.72
24,0.0,38,2.05,1.54,1.01,1.56,67.65
24,0.0,39,2.09,0.95,1.34,2.24,64.57
24,0.0,40,2.03,1.13,1.38,1.71,61.26
24,0.0,41,2.46,1.30,1.35,1.91,58.13
24,0.0,42,1.73,1.18,1.90,2.16,54.62
24,0.0,43,2.51,1.45,1.60,1.86,51.14
24,0.0,44,1.98,1.12,1.59,2.16,47.43
24,0.0,45,2.28,2.17,1.91,1.77,44.00
24,0.0,46,2.31,1.56,0.85,1.59,39.94
24,0.0,47,1.80,2.29,1.52,1.87,36.78
24,0.0,48,1.44,1.50,1.01,3.13,33.04
24,0.0,49,1.25,0.89,0.51,1.48,29.50
24,0.0,50,0.81,2.28,0.46,1.51,27.44
24,0.0,51,0.78,1.04,0.67,1.53,24.91
24,0.0,52,2.07,1.08,1.24,1.63,22.90
24,0.0,53,1.66,0.78,1.22,1.86,19.89
24,0.0,54,1.44,0.82,1.41,2.25,17.13
24,0.0,55,2.01,1.01,0.87,1.68,14.17
24,0.0,56,1.14,0.95,0.98,0.93,11.38
24,0.0,57,1.19,1.43,1.73,1.88,9.38
24,0.0,58,2.02,1.67,1.96,1.78,6.27
24,0.0,59,1.42,1.42,1.24,1.02,2.55
24,0.3,1,0.98,0.70,1.29,1.58,158.74
24,0.3,2,1.35,1.18,1.65,1.58,156.47
24,0.3,3,1.00,1.37,1.49,1.43,153.59
24,0.3,4,1.05,1.34,2.09,1.03,150.94
24,0.3,5,1.42,2.29,1.10,1.40,148.19
24,0.3,6,2.03,1.20,1.96,1.03,145.08
24,0.3,7,2.50,3.35,2.08,1.20,141.97
24,0.3,8,3.02,0.97,1.73,1.80,137.41
24,0.3,9,1.19,2.72,2.18,1.24,133.65
24,0.3,10,2.41,1.14,1.73,1.32,129.98
24,0.3,11,1.01,3.07,1.73,1.10,126.68
24,0.3,12,2.18,1.91,1.33,1.33,123.23
24,0.3,13,0.89,1.25,1.04,1.52,119.85
24,0.3,14,0.94,1.36,1.38,0.98,117.50
24,0.3,15,2.55,1.65,1.35,1.35,115.17
24,0.3,16,1.71,2.43,1.08,1.12,111.72
24,0.3,17,1.74,1.72,1.87,0.94,108.55
24,0.3,18,2.06,1.90,1.49,1.15,105.42
24,0.3,19,2.64,1.92,0.47,1.00,102.12
24,0.3,20,1.82,2.66,0.83,0.74,99.10
24,0.3,21,1.06,1.64,0.75,0.60,96.08
24,0.3,22,1.14,2.09,0.82,0.75,94.05
24,0.3,23,2.08,1.61,1.18,0.55,91.65
24,0.3,24,1.11,1.53,1.34,0.69,88.94
24,0.3,25,1.13,0.83,0.66,0.30,86.61
24,0.3,26,1.35,1.99,0.85,0.65,85.15
24,0.3,27,2.47,1.95,1.66,0.56,82.73
24,0.3,28,2.76,1.69,1.02,0.74,79.41
24,0.3,29,1.29,2.46,1.24,0.70,76.30
24,0.3,30,0.92,1.57,0.79,0.70,73.46
24,0.3,31,1.51,1.40,0.53,0.57,71.47
24,0.3,32,1.14,1.39,1.45,0.83,69.46
24,0.3,33,1.35,1.65,0.99,0.59,67.06
24,0.3,34,2.14,1.39,0.56,0.58,64.77
24,0.3,35,1.34,2.10,0.97,1.18,62.43
24,0.3,36,2.40,1.90,1.02,1.71,59.64
24,0.3,37,1.78,1.69,0.93,0.88,56.12
24,0.3,38,1.98,1.96,1.03,1.27,53.48
24,0.3,39,2.56,1.89,1.06,1.47,50.36
24,0.3,40,2.15,1.79,0.96,1.65,46.87
24,0.3,41,1.38,1.71,1.59,1.96,43.60
24,0.3,42,1.68,1.60,1.54,1.30,40.28
24,0.3,43,1.60,2.26,2.00,1.00,37.22
24,0.3,44,2.62,1.89,1.38,0.72,33.79
24,0.3,45,2.15,0.83,1.53,0.46,30.48
24,0.3,46,1.20,1.36,1.32,0.44,28.00
24,0.3,47,1.03,1.46,0.96,1.74,25.84
24,0.3,48,1.13,0.79,0.93,0.78,23.24
24,0.3,49,1.31,1.22,1.61,0.78,21.43
24,0.3,50,1.82,1.86,1.49,1.80,18.97
24,0.3,51,1.79,2.11,1.81,1.34,15.48
24,0.3,52,1.77,2.05,1.37,1.50,11.96
24,0.3,53,2.04,1.47,1.39,1.95,8.61
24,0.3,54,1.09,1.12,1.35,0.75,5.19
24,0.3,55,0.81,0.76,1.29,0.90,3.03
24,0.3,56,0.36,0.66,0.70,0.58,1.15
24,1.3,1,3.41,2.90,1.87,1.13,140.18
24,1.3,2,3.75,2.58,1.98,1.11,135.52
24,1.3,3,2.75,1.90,2.21,1.93,130.81
24,1.3,4,3.70,2.85,2.48,1.60,126.42
24,1.3,5,3.04,2.67,1.93,1.91,121.10
24,1.3,6,3.82,3.01,1.29,1.42,116.33
24,1.3,7,1.14,1.44,3.90,1.28,111.56
24,1.3,8,2.01,1.95,2.25,0.99,107.68
24,1.3,9,1.01,1.13,1.10,1.36,104.08
24,1.3,10,1.90,1.20,1.26,1.35,101.78
24,1.3,11,1.13,1.29,1.05,1.53,98.92
24,1.3,12,1.54,1.06,0.93,1.24,96.42
24,1.3,13,1.83,1.80,2.32,1.22,94.04
24,1.3,14,2.15,0.97,1.72,1.31,90.45
24,1.3,15,2.05,0.66,1.95,1.68,87.38
24,1.3,16,1.72,0.59,1.62,0.97,84.21
24,1.3,17,1.39,0.45,1.39,0.99,81.76
24,1.3,18,1.36,0.57,1.55,0.70,79.65
24,1.3,19,1.45,0.59,0.90,0.76,77.56
24,1.3,20,1.04,0.38,1.94,0.80,75.71
24,1.3,21,1.55,0.27,1.41,1.20,73.63
24,1.3,22,1.84,2.47,1.51,1.15,71.41
24,1.3,23,1.63,0.85,0.99,1.48,67.93
24,1.3,24,1.06,0.80,0.87,0.71,65.45
24,1.3,25,0.94,0.64,1.00,0.71,63.73
24,1.3,26,0.73,1.02,0.70,0.79,62.09
24,1.3,27,1.04,1.04,0.76,1.10,60.47
24,1.3,28,1.46,1.00,1.07,0.70,58.50
24,1.3,29,1.16,1.11,1.30,1.14,56.38
24,1.3,30,1.63,1.55,1.22,1.60,54.03
24,1.3,31,1.81,1.45,1.58,1.48,51.03
24,1.3,32,1.24,1.49,2.23,2.39,47.87
24,1.3,33,0.96,0.87,1.29,1.89,44.19
24,1.3,34,0.54,0.88,1.20,1.18,41.69
24,1.3,35,1.69,1.73,2.86,2.19,39.79
24,1.3,36,2.19,1.92,2.55,1.17,35.55
24,1.3,37,2.06,1.48,1.96,1.88,31.64
24,1.3,38,2.61,1.90,2.53,1.92,27.95
24,1.3,39,1.85,1.82,1.61,1.72,23.47
24,1.3,40,1.88,1.29,0.84,0.86,19.97
24,1.3,41,1.24,1.73,0.88,1.44,17.53
24,1.3,42,1.38,0.93,0.75,1.72,14.89
24,1.3,43,1.24,1.23,0.68,0.98,12.50
24,1.3,44,0.87,1.02,1.00,1.01,10.43
24,1.3,45,0.74,0.53,0.61,0.93,8.48
24,1.3,46,1.05,0.61,0.63,0.54,7.08
24,1.3,47,0.68,0.36,0.64,1.05,5.66
24,1.3,48,1.14,0.83,0.84,1.33,4.30
24,1.3,49,1.16,1.05,1.03,1.21,2.23
24,2.3,1,1.59,0.75,1.32,2.95,134.63
24,2.3,2,1.14,0.62,1.05,1.49,131.33
24,2.3,3,1.16,0.90,0.95,2.82,129.18
24,2.3,4,1.86,0.94,1.41,1.76,126.26
24,2.3,5,3.30,2.02,2.25,1.88,123.28
24,2.3,6,1.71,1.69,3.05,3.68,118.55
24,2.3,7,2.02,2.22,2.44,3.46,113.49
24,2.3,8,3.68,2.21,0.70,3.14,108.42
24,2.3,9,1.76,1.36,2.46,1.15,103.55
24,2.3,10,1.97,1.36,0.78,1.19,100.19
24,2.3,11,1.58,0.87,1.83,1.23,97.54
24,2.3,12,1.55,1.25,0.62,1.07,94.78
24,2.3,13,1.48,1.41,1.32,1.65,92.54
24,2.3,14,1.52,0.93,1.44,1.19,89.61
24,2.3,15,1.55,1.39,1.22,1.07,87.07
24,2.3,16,2.38,1.14,1.43,1.57,84.45
24,2.3,17,2.09,1.01,1.55,1.12,81.19
24,2.3,18,2.55,0.98,1.49,1.55,78.31
24,2.3,19,2.65,1.05,0.83,0.86,75.02
24,2.3,20,1.90,1.19,0.74,1.37,72.33
24,2.3,21,0.85,1.00,1.06,1.20,69.73
24,2.3,22,0.63,1.17,2.08,0.90,67.67
24,2.3,23,1.19,1.44,1.17,0.71,65.28
24,2.3,24,1.00,2.01,1.39,0.56,63.03
24,2.3,25,1.35,1.60,1.13,0.84,60.55
24,2.3,26,1.01,2.42,1.39,1.20,58.09
24,2.3,27,1.11,1.05,0.66,1.29,55.08
24,2.3,28,0.63,1.11,0.91,0.58,53.02
24,2.3,29,0.52,1.17,0.97,0.86,51.41
24,2.3,30,0.66,1.41,0.91,0.69,49.65
24,2.3,31,0.59,1.13,1.18,0.48,47.81
24,2.3,32,1.06,1.35,1.48,1.36,46.12
24,2.3,33,1.16,1.47,1.02,1.67,43.50
24,2.3,34,1.64,1.79,1.44,1.62,40.84
24,2.3,35,1.31,1.62,1.37,2.08,37.59
24,2.3,36,1.77,1.71,1.69,1.85,34.40
24,2.3,37,2.26,1.75,1.22,1.85,30.89
24,2.3,38,1.92,1.96,1.73,1.46,27.35
24,2.3,39,1.90,1.88,1.91,1.69,23.82
24,2.3,40,1.56,1.31,2.01,1.86,20.13
24,2.3,41,1.44,1.89,1.51,1.63,16.76
24,2.3,42,1.62,1.79,1.33,1.73,13.52
24,2.3,43,1.17,1.02,1.97,1.95,10.29
24,2.3,44,1.79,1.86,1.59,1.56,7.23
24,2.3,45,1.26,1.09,0.75,0.97,3.83
24,2.3,46,1.19,0.91,0.74,0.75,1.80
24,3.3,1,1.94,1.59,1.33,2.13,124.30
24,3.3,2,2.14,1.09,2.95,2.37,120.80
24,3.3,3,1.53,1.33,3.07,1.79,116.53
24,3.3,4,1.39,1.29,2.10,1.84,112.67
24,3.3,5,2.59,1.44,1.87,0.72,109.36
24,3.3,6,0.85,1.97,1.32,2.63,106.05
24,3.3,7,2.31,2.18,0.83,1.84,102.66
24,3.3,8,2.10,1.68,1.85,0.99,99.08
24,3.3,9,2.33,2.19,1.50,1.26,95.77
24,3.3,10,1.87,1.77,2.06,1.71,92.13
24,3.3,11,2.42,0.59,1.25,1.42,88.43
24,3.3,12,2.11,0.81,1.89,1.32,85.59
24,3.3,13,2.09,0.86,1.16,1.75,82.52
24,3.3,14,1.34,0.70,1.48,1.38,79.59
24,3.3,15,2.76,0.87,0.74,1.69,77.14
24,3.3,16,1.90,0.49,1.01,1.31,74.11
24,3.3,17,2.37,0.46,0.88,0.87,71.76
24,3.3,18,2.16,0.63,0.88,1.14,69.47
24,3.3,19,1.35,0.51,1.69,0.94,67.06
24,3.3,20,1.24,0.81,0.73,1.01,64.82
24,3.3,21,1.48,0.78,0.83,0.82,62.92
24,3.3,22,1.75,0.84,2.00,0.68,60.97
24,3.3,23,0.80,1.15,0.80,1.88,58.33
24,3.3,24,0.95,0.44,0.79,1.95,56.02
24,3.3,25,1.75,2.18,1.05,2.02,53.95
24,3.3,26,0.87,1.48,1.47,1.84,50.45
24,3.3,27,1.48,0.95,1.34,1.50,47.62
24,3.3,28,1.67,1.21,0.76,1.13,44.99
24,3.3,29,1.02,1.19,0.75,0.89,42.60
24,3.3,30,1.83,0.54,1.06,0.86,40.68
24,3.3,31,1.98,0.75,0.93,0.87,38.53
24,3.3,32,1.92,1.28,1.45,1.48,36.27
24,3.3,33,1.71,1.71,1.34,1.80,33.20
24,3.3,34,1.98,1.53,1.71,1.28,29.92
24,3.3,35,1.92,1.71,1.45,1.58,26.67
24,3.3,36,1.82,1.23,1.63,1.51,23.34
24,3.3,37,1.79,1.20,1.51,1.59,20.25
24,3.3,38,1.33,0.93,1.47,1.59,17.20
24,3.3,39,1.73,1.19,1.77,1.18,14.54
24,3.3,40,1.31,1.19,1.51,0.90,11.61
24,3.3,41,1.39,1.26,1.37,1.33,9.15
24,3.3,42,1.23,1.30,0.95,1.30,6.48
24,3.3,43,2.00,2.08,2.16,1.93,4.09
24,4.3,1,2.24,1.10,2.52,1.69,122.84
24,4.3,2,1.21,1.23,1.39,1.21,119.07
24,4.3,3,3.95,1.82,1.39,1.84,116.55
24,4.3,4,2.72,3.07,2.22,1.95,112.05
24,4.3,5,3.02,2.62,2.56,3.43,107.07
24,4.3,6,3.04,3.05,1.09,2.76,101.25
24,4.3,7,3.46,3.38,3.87,3.17,96.28
24,4.3,8,0.81,1.44,2.75,1.29,89.34
24,4.3,9,2.10,2.33,3.74,2.09,86.20
24,4.3,10,0.87,1.29,3.11,1.25,81.07
24,4.3,11,1.85,1.54,1.49,1.76,77.81
24,4.3,12,1.34,1.36,2.44,0.85,74.49
24,4.3,13,1.92,1.91,2.77,1.64,71.49
24,4.3,14,1.50,2.31,3.87,1.61,67.37
24,4.3,15,2.06,2.18,3.35,2.91,62.73
24,4.3,16,1.15,0.99,3.41,1.93,57.48
24,4.3,17,0.84,1.06,1.14,0.76,53.74
24,4.3,18,1.29,1.09,0.96,1.00,51.84
24,4.3,19,1.68,0.85,1.81,0.88,49.67
24,4.3,20,1.64,0.83,1.07,1.36,47.06
24,4.3,21,1.22,0.65,1.92,1.24,44.61
24,4.3,22,0.76,1.02,1.48,1.11,42.09
24,4.3,23,1.07,0.94,1.98,1.58,39.91
24,4.3,24,1.73,0.74,1.66,1.42,37.12
24,4.3,25,0.76,0.74,1.00,0.96,34.35
24,4.3,26,1.43,0.58,1.91,1.53,32.62
24,4.3,27,0.75,0.80,1.27,1.02,29.89
24,4.3,28,1.17,0.70,0.91,0.74,27.97
24,4.3,29,1.31,1.08,1.47,1.71,26.21
24,4.3,30,1.23,1.20,1.06,1.04,23.43
24,4.3,31,1.39,1.24,1.22,1.47,21.16
24,4.3,32,1.16,2.03,1.55,1.36,18.50
24,4.3,33,0.78,1.88,1.42,1.51,15.45
24,4.3,34,1.03,1.09,1.73,0.94,12.66
24,4.3,35,1.05,1.05,1.12,1.00,10.26
24,4.3,36,1.18,1.09,1.18,1.05,8.15
24,4.3,37,1.33,2.17,1.73,1.09,5.90
24,4.3,38,1.35,1.14,1.33,1.66,2.74
24,5.3,1,3.30,1.68,1.26,3.25,79.43
24,5.3,2,5.13,1.78,1.11,1.95,74.68
24,5.3,3,8.22,2.27,1.28,1.97,69.70
24,5.3,4,5.84,2.28,1.61,2.15,62.83
24,5.3,5,2.33,1.55,1.60,1.35,56.89
24,5.3,6,3.08,1.65,2.07,1.22,53.47
24,5.3,7,3.87,1.87,1.22,1.26,49.46
24,5.3,8,8.61,1.92,0.76,0.68,45.35
24,5.3,9,1.47,1.12,1.22,0.64,39.37
24,5.3,10,3.69,1.35,1.06,0.96,37.14
24,5.3,11,2.67,1.37,1.12,1.05,33.61
24,5.3,12,1.57,1.79,1.43,0.84,30.51
24,5.3,13,0.96,1.22,1.52,0.88,27.69
24,5.3,14,0.74,0.89,0.73,1.64,25.40
24,5.3,15,0.92,1.06,0.90,0.91,23.40
24,5.3,16,0.71,1.33,0.77,0.41,21.51
24,5.3,17,0.50,0.76,1.07,0.60,19.90
24,5.3,18,1.19,1.05,0.60,1.66,18.43
24,5.3,19,0.80,1.19,0.66,0.73,16.18
24,5.3,20,0.96,0.94,0.79,1.17,14.49
24,5.3,21,1.44,1.54,0.95,0.68,12.56
24,5.3,22,0.72,1.04,1.32,1.06,10.26
24,5.3,23,0.84,1.14,1.14,0.53,8.19
24,5.3,24,0.91,0.70,0.80,0.74,6.36
24,5.3,25,0.89,0.72,0.90,0.65,4.79
24,5.3,26,1.05,0.77,0.72,0.69,3.21
24,5.3,27,0.72,0.88,0.68,0.90,1.59
24,6.3,1,1.19,0.73,0.99,1.13,59.92
24,6.3,2,1.43,1.00,1.36,0.91,57.90
24,6.3,3,3.48,2.06,1.59,1.37,55.55
24,6.3,4,1.99,1.15,1.17,1.38,51.30
24,6.3,5,2.23,1.66,0.92,1.21,48.45
24,6.3,6,4.89,2.53,2.42,2.07,45.44
24,6.3,7,4.29,2.05,1.74,2.21,39.49
24,6.3,8,3.11,2.33,1.19,1.58,34.34
24,6.3,9,2.41,2.15,1.31,2.17,30.24
24,6.3,10,2.18,2.33,1.28,1.76,26.22
24,6.3,11,1.15,1.15,1.01,1.20,22.44
24,6.3,12,1.46,1.62,1.15,1.38,20.19
24,6.3,13,0.81,1.16,1.07,0.79,17.38
24,6.3,14,1.50,1.09,1.30,1.26,15.47
24,6.3,15,0.99,0.89,1.13,1.31,12.89
24,6.3,16,1.16,1.50,1.57,0.92,10.73
24,6.3,17,0.75,1.98,0.93,1.26,8.16
24,6.3,18,0.84,0.81,0.83,0.98,5.70
24,6.3,19,0.79,0.82,0.76,1.08,3.97
24,6.3,20,1.14,1.23,1.10,1.01,2.24
24,7.3,1,1.44,1.65,1.69,2.39,46.61
24,7.3,2,1.66,2.24,2.31,2.49,43.03
24,7.3,3,1.94,1.31,1.26,2.36,38.68
24,7.3,4,2.93,2.29,2.29,3.63,35.24
24,7.3,5,1.80,1.37,1.38,1.80,29.67
24,7.3,6,1.78,2.13,2.07,1.02,26.50
24,7.3,7,1.79,1.26,1.27,1.41,23.00
24,7.3,8,2.68,2.13,2.28,1.63,20.13
24,7.3,9,1.12,1.37,1.31,0.84,15.77
24,7.3,10,1.23,1.18,1.17,0.87,13.45
24,7.3,11,2.12,0.94,0.90,0.58,11.23
24,7.3,12,1.49,0.99,1.11,0.66,8.96
24,7.3,13,0.68,1.03,0.89,1.38,6.83
24,7.3,14,0.99,0.91,1.14,1.44,4.84
24,7.3,15,1.38,1.45,1.25,1.12,2.60
24,8.3,1,0.71,0.53,0.63,1.13,35.32
24,8.3,2,1.39,0.90,0.98,1.82,33.82
24,8.3,3,1.58,1.01,2.25,1.94,31.28
24,8.3,4,0.95,1.00,1.66,1.64,27.89
24,8.3,5,1.26,1.28,1.78,1.22,25.26
24,8.3,6,0.94,1.10,1.28,1.05,22.49
24,8.3,7,1.05,1.46,0.78,1.13,20.31
24,8.3,8,0.99,0.92,0.96,1.27,18.10
24,8.3,9,0.80,0.59,1.68,1.87,16.03
24,8.3,10,1.44,1.05,0.91,0.89,13.56
24,8.3,11,0.80,1.47,1.28,0.92,11.41
24,8.3,12,2.45,1.51,1.32,2.00,9.18
24,8.3,13,1.41,1.84,1.33,1.57,5.54
24,8.3,14,1.58,1.11,1.24,0.99,2.46
24,9.3,1,0.82,1.02,0.79,1.30,25.01
24,9.3,2,1.01,0.91,1.33,1.52,23.05
24,9.3,3,1.74,1.23,1.18,1.20,20.66
24,9.3,4,1.22,1.27,0.90,0.84,17.99
24,9.3,5,2.80,1.36,1.57,2.33,15.87
24,9.3,6,1.90,1.92,0.78,1.44,11.84
24,9.3,7,1.27,1.43,0.94,1.03,8.82
24,9.3,8,1.09,1.10,0.92,1.16,6.49
24,9.3,9,1.37,1.46,1.06,0.92,4.35
24,9.3,10,1.22,0.98,0.84,0.85,1.95
24,10.3,1,0.96,0.63,0.70,0.68,10.84
24,10.3,2,0.83,1.52,1.10,1.65,9.35
24,10.3,3,0.68,1.12,0.76,0.64,6.80
24,10.3,4,1.07,0.81,0.86,0.80,5.20
24,10.3,5,0.80,0.75,1.02,1.32,3.43
24,10.3,6,0.57,0.70,1.03,0.67,1.49
